car_id,brand,model,body_type,fuel_type,transmission,seats,price,year,km,fuel_consumption,luggage_volume,engine_power,image_url,features,price_history
1,Honda,Civic,Sedan,Petrol,Automatic,5,1770369,2024,16333,8.0,519,182,https://www.honda.com.tr/assets/img/models/civic-sedan/civic-sedan-hero.jpg,"ABS, ESP, Bluetooth, Klima, Sunroof, Deri Koltuk, Şerit Takip, Geri Görüş Kamerası, Otomatik Vites",1451241;1513549;1575476;1649370;1686608;1770369
2,Ford,Focus,Hatchback,Petrol,Automatic,5,1285307,2022,60070,7.7,375,125,https://www.ford.com.tr/content/dam/guxeu/tr/vehicle-images/focus/2022/Showroom/ford-focus-showroom-gallery-1.jpg,"ABS, ESP, Bluetooth, Klima, Otomatik Vites",1062113;1099586;1144594;1200317;1247341;1285307
3,Mercedes,C200,Sedan,Diesel,Automatic,5,3357465,2024,19052,6.3,455,163,https://www.mercedes-benz.com.tr/passengercars/models/saloon/c-class/overview/_jcr_content/contentgallerycontainer/par/contentgallery/par/contentgallerytile/image.MQ6.8.20210629140458.jpeg,"ABS, ESP, Bluetooth, Klima, Sunroof, Deri Koltuk, Şerit Takip, Geri Görüş Kamerası, Otonom Sürüş, 360 Kamera, Isıtmalı Koltuklar, Hayalet Ekran, Otomatik Vites",2793396;2850260;2943998;3076233;3201351;3357465
4,Toyota,C-HR,SUV,Hybrid,Automatic,5,1673998,2022,50252,5.5,377,140,https://www.toyota.com.tr/content/dam/toyota/turkey/models/c-hr/heros/c-hr-hero-1920x1080.jpg,"ABS, ESP, Bluetooth, Klima, Sunroof, Deri Koltuk, Şerit Takip, Geri Görüş Kamerası, Otomatik Vites, Hibrit Motor",1395882;1444489;1489394;1532118;1603570;1673998
5,Hyundai,Tucson,SUV,Diesel,Automatic,5,1496373,2020,80745,7.0,620,136,https://www.hyundai.com/content/dam/hyundai/tr/tr/models/tucson/2021/gallery/tucson-gallery-1.jpg,"ABS, ESP, Bluetooth, Klima, Sunroof, Deri Koltuk, Şerit Takip, Geri Görüş Kamerası, Otomatik Vites",1235811;1278795;1330360;1377206;1425372;1496373
6,Toyota,C-HR,SUV,Hybrid,Automatic,5,1509541,2020,74000,5.5,377,140,https://www.toyota.com.tr/content/dam/toyota/turkey/models/c-hr/heros/c-hr-hero-1920x1080.jpg,"ABS, ESP, Bluetooth, Klima, Sunroof, Deri Koltuk, Şerit Takip, Geri Görüş Kamerası, Otomatik Vites, Hibrit Motor",1291505;1335480;1364645;1415325;1451512;1509541
7,Skoda,Kamiq,SUV,Petrol,Automatic,5,1056955,2018,121034,7.4,400,115,https://az749841.vo.msecnd.net/sitestr/al/5f/c7/e9/8b/50/41/43/8b/5f/0d/1c/6b/6a/5f/9c/Skoda-Kamiq-SUV-2020.jpg,"ABS, ESP, Bluetooth, Klima, Otomatik Vites",850940;889212;930940;974601;1017903;1056955
8,Skoda,Superb,Sedan,Petrol,Automatic,5,2730000,2025,4785,8.0,625,150,https://az749841.vo.msecnd.net/sitestr/al/5f/c7/e9/8b/50/41/43/8b/5f/0d/1c/6b/6a/5f/9c/Skoda-Superb-Sedan-2020.jpg,"ABS, ESP, Bluetooth, Klima, Sunroof, Deri Koltuk, Şerit Takip, Geri Görüş Kamerası, Otonom Sürüş, 360 Kamera, Isıtmalı Koltuklar, Hayalet Ekran, Otomatik Vites",2273527;2345248;2403378;2491623;2606291;2730000
9,Toyota,Corolla,Sedan,Hybrid,Automatic,5,1219691,2020,50798,5.3,471,140,https://www.toyota.com.tr/content/dam/toyota/turkey/models/corolla-sedan/heros/corolla-sedan-hero-1920x1080.jpg,"ABS, ESP, Bluetooth, Klima, Otomatik Vites, Hibrit Motor",983813;1031353;1071307;1113202;1161807;1219691
10,Volkswagen,Polo (Manuel),Hatchback,Petrol,Manual,5,1155000,2025,1489,6.9,351,80,https://www.vw.com.tr/content/dam/vw-ngw/vw_pkw/importers/tr/modeller/yeni-polo/yeni-polo-hero-1920x1080.jpg,"ABS, ESP, Bluetooth, Klima, Manuel Vites",942158;977653;1025268;1060694;1106740;1155000
11,Fiat,Egea Sedan,Sedan,Diesel,Automatic,5,1034425,2024,6408,6.0,520,130,https://cdn.motor1.com/images/mgl/mrz1e/s1/fiat-egea-sedan-facelift.jpg,"ABS, ESP, Bluetooth, Klima, Otomatik Vites",857725;884004;909021;953314;988647;1034425
12,Nissan,Juke,SUV,Petrol,Automatic,5,1513583,2024,21298,7.6,422,115,https://www-europe.nissan-cdn.net/content/dam/Nissan/turkey/vehicles/JukeMY24/tr-nissan-design-dtm-1920x1080-160524.jpg.ximg.l_full_m.smart.jpg,"ABS, ESP, Bluetooth, Klima, Otomatik Vites",1240192;1269630;1325963;1383927;1452317;1513583
13,Audi,A3 Sportback,Hatchback,Petrol,Automatic,5,1549706,2020,52355,7.3,380,150,https://mediaservice.audi.com/media/live/50900/fly1400x601n1/8yar/2021.png,"ABS, ESP, Bluetooth, Klima, Sunroof, Deri Koltuk, Şerit Takip, Geri Görüş Kamerası, Otomatik Vites",1309459;1348554;1398376;1427458;1479313;1549706
14,Volkswagen,Polo (Manuel),Hatchback,Petrol,Manual,5,801606,2020,62885,6.9,351,80,https://www.vw.com.tr/content/dam/vw-ngw/vw_pkw/importers/tr/modeller/yeni-polo/yeni-polo-hero-1920x1080.jpg,"ABS, ESP, Bluetooth, Klima, Manuel Vites",669631;697798;726141;751291;769658;801606
15,Audi,Q3,SUV,Petrol,Automatic,5,3045000,2025,396,8.7,530,150,https://mediaservice.audi.com/media/live/50900/fly1400x601n1/f3b/2021.png,"ABS, ESP, Bluetooth, Klima, Sunroof, Deri Koltuk, Şerit Takip, Geri Görüş Kamerası, Otonom Sürüş, 360 Kamera, Isıtmalı Koltuklar, Hayalet Ekran, Otomatik Vites",2597759;2679531;2799521;2889611;2964993;3045000
16,Kia,Sportage,SUV,Hybrid,Automatic,5,1734750,2021,49048,7.1,591,150,https://www.kia.com/content/dam/kia/tr/tr/models/sportage/heros/sportage-hero-1920x1080.jpg,"ABS, ESP, Bluetooth, Klima, Sunroof, Deri Koltuk, Şerit Takip, Geri Görüş Kamerası, Otomatik Vites, Hibrit Motor",1443865;1491570;1552501;1605534;1685247;1734750
17,Kia,Sportage,SUV,Hybrid,Automatic,5,2145641,2024,18724,7.1,591,150,https://www.kia.com/content/dam/kia/tr/tr/models/sportage/heros/sportage-hero-1920x1080.jpg,"ABS, ESP, Bluetooth, Klima, Sunroof, Deri Koltuk, Şerit Takip, Geri Görüş Kamerası, Otomatik Vites, Hibrit Motor",1802767;1857802;1920462;2011365;2056602;2145641
18,Nissan,Juke,SUV,Petrol,Automatic,5,1350122,2022,30404,7.6,422,115,https://www-europe.nissan-cdn.net/content/dam/Nissan/tr/vehicles/juke/product_code/product_page/Performance/Nissan_Juke_2020_Performance_Desktop.jpg,"ABS, ESP, Bluetooth, Klima, Sunroof, Deri Koltuk, Şerit Takip, Geri Görüş Kamerası, Otomatik Vites",1139891;1170214;1225502;1253929;1316555;1350122
19,Togg,T10X V2,SUV,Electric,Automatic,5,1479300,2021,41606,18.4,441,218,https://im.haberturk.com/2023/03/14/ver1678809605/3573523_810x458.jpg,"ABS, ESP, Bluetooth, Klima, Sunroof, Deri Koltuk, Şerit Takip, Geri Görüş Kamerası, Otomatik Vites",1261218;1292134;1340784;1383033;1440835;1479300
20,Cupra,Formentor,SUV,Petrol,Automatic,5,1882524,2022,38207,9.0,450,190,https://www.cupraofficial.com.tr/content/dam/cupra/turkey/models/formentor/heros/formentor-hero-1920x1080.jpg,"ABS, ESP, Bluetooth, Klima, Sunroof, Deri Koltuk, Şerit Takip, Geri Görüş Kamerası, Otomatik Vites",1563655;1633096;1705361;1752550;1838931;1882524
21,Ford,Puma,SUV,Hybrid,Automatic,5,1187819,2021,39392,6.9,456,125,https://www.ford.com.tr/content/dam/guxeu/tr/vehicle-images/puma/2020/Showroom/ford-puma-showroom-gallery-1.jpg,"ABS, ESP, Bluetooth, Klima, Otomatik Vites, Hibrit Motor",999719;1033032;1064827;1086961;1136109;1187819
22,Ford,Focus,Hatchback,Petrol,Automatic,5,1627500,2025,3143,7.7,375,125,https://www.ford.com.tr/content/dam/guxeu/tr/vehicle-images/focus/2022/Showroom/ford-focus-showroom-gallery-1.jpg,"ABS, ESP, Bluetooth, Klima, Sunroof, Deri Koltuk, Şerit Takip, Geri Görüş Kamerası, Otomatik Vites",1385769;1433648;1466071;1523368;1594135;1627500
23,Audi,A4 Sedan,Sedan,Diesel,Automatic,5,2368314,2019,90905,6.4,460,204,https://mediaservice.audi.com/media/live/50900/fly1400x601n1/8wc/2021.png,"ABS, ESP, Bluetooth, Klima, Sunroof, Deri Koltuk, Şerit Takip, Geri Görüş Kamerası, Otonom Sürüş, 360 Kamera, Isıtmalı Koltuklar, Hayalet Ekran, Otomatik Vites",2017772;2073360;2116317;2212441;2312899;2368314
24,Peugeot,2008,SUV,Petrol,Automatic,5,1327083,2022,41735,7.3,434,130,https://www.peugeot.com.tr/content/dam/peugeot/turkey/models/2008/heros/2008-hero-1920x1080.jpg,"ABS, ESP, Bluetooth, Klima, Otomatik Vites",1125204;1156330;1207869;1259719;1294715;1327083
25,Fiat,Egea Cross,SUV,Hybrid,Automatic,5,1092276,2022,45832,6.5,440,130,https://img.paratic.com/dosya/2021/01/yeni-fiat-egea-cross-ozellikleri-fiyati.jpg,"ABS, ESP, Bluetooth, Klima, Otomatik Vites, Hibrit Motor",943151;979130;1017002;1041259;1067229;1092276
26,Peugeot,3008,SUV,Diesel,Automatic,5,2205000,2025,3451,6.4,520,130,https://www.peugeot.com.tr/content/dam/peugeot/turkey/models/3008/heros/3008-hero-1920x1080.jpg,"ABS, ESP, Bluetooth, Klima, Sunroof, Deri Koltuk, Şerit Takip, Geri Görüş Kamerası, Otomatik Vites",1800222;1876467;1947378;2035146;2107493;2205000
27,Peugeot,2008,SUV,Petrol,Automatic,5,1473536,2023,32501,7.3,434,130,https://www.peugeot.com.tr/content/dam/peugeot/turkey/models/2008/heros/2008-hero-1920x1080.jpg,"ABS, ESP, Bluetooth, Klima, Otomatik Vites",1221979;1269241;1318494;1355922;1419826;1473536
28,Ford,Puma,SUV,Hybrid,Automatic,5,1155663,2020,69850,6.9,456,125,https://www.ford.com.tr/content/dam/guxeu/tr/vehicle-images/puma/2020/Showroom/ford-puma-showroom-gallery-1.jpg,"ABS, ESP, Bluetooth, Klima, Otomatik Vites, Hibrit Motor",979459;1022764;1055026;1085720;1116441;1155663
29,Kia,Sportage,SUV,Hybrid,Automatic,5,1445583,2019,116360,7.1,591,150,https://www.kia.com/content/dam/kia/tr/tr/models/sportage/heros/sportage-hero-1920x1080.jpg,"ABS, ESP, Bluetooth, Klima, Sunroof, Deri Koltuk, Şerit Takip, Geri Görüş Kamerası, Otomatik Vites, Hibrit Motor",1215403;1272032;1310919;1362172;1399973;1445583
30,MG,MG4,Hatchback,Electric,Automatic,5,1054776,2019,90394,17.5,363,170,https://www.mg-turkey.com/assets/img/models/mg4/mg4-hero.jpg,"ABS, ESP, Bluetooth, Klima, Otomatik Vites",887540;930150;966721;986973;1017954;1054776
31,Volkswagen,Golf,Hatchback,Petrol,Automatic,5,1520065,2023,36479,6.9,381,150,https://www.vw.com.tr/content/dam/vw-ngw/vw_pkw/importers/tr/modeller/yeni-golf/yeni-golf-hero-1920x1080.jpg,"ABS, ESP, Bluetooth, Klima, Otomatik Vites",1268992;1313731;1369853;1436991;1478891;1520065
32,Ford,Puma,SUV,Hybrid,Automatic,5,1416543,2023,35377,6.9,456,125,https://www.ford.com.tr/content/dam/guxeu/tr/vehicle-images/puma/2020/Showroom/ford-puma-showroom-gallery-1.jpg,"ABS, ESP, Bluetooth, Klima, Otomatik Vites, Hibrit Motor",1202355;1236423;1288753;1336006;1387978;1416543
33,Fiat,Egea Cross,SUV,Hybrid,Automatic,5,830170,2018,112619,6.5,440,130,https://img.paratic.com/dosya/2021/01/yeni-fiat-egea-cross-ozellikleri-fiyati.jpg,"ABS, ESP, Bluetooth, Klima, Otomatik Vites, Hibrit Motor",716421;738556;760625;779999;800843;830170
34,Fiat,Egea Sedan (Manuel),Sedan,Petrol,Manual,5,614983,2018,83678,7.9,520,95,https://cdn.motor1.com/images/mgl/mrz1e/s1/fiat-egea-sedan-facelift.jpg,"ABS, ESP, Bluetooth, Klima, Manuel Vites",499859;516518;539039;564028;590642;614983
35,Renault,Taliant,Sedan,Petrol,Manual,5,682927,2020,81048,7.1,628,65,https://cdn.motor1.com/images/mgl/1Z1Z3/s1/renault-taliant.jpg,"ABS, ESP, Bluetooth, Klima, Manuel Vites",566850;594678;617407;634808;665143;682927
36,Peugeot,2008,SUV,Petrol,Automatic,5,1031104,2018,99075,7.3,434,130,https://www.peugeot.com.tr/content/dam/peugeot/turkey/models/2008/heros/2008-hero-1920x1080.jpg,"ABS, ESP, Bluetooth, Klima, Otomatik Vites",859626;880915;912377;939411;982282;1031104
37,Fiat,Egea Sedan,Sedan,Diesel,Automatic,5,874063,2022,57343,6.0,520,130,https://cdn.motor1.com/images/mgl/mrz1e/s1/fiat-egea-sedan-facelift.jpg,"ABS, ESP, Bluetooth, Klima, Otomatik Vites",724620;757636;780156;803802;833734;874063
38,Audi,A4 Sedan,Sedan,Diesel,Automatic,5,3465000,2025,190,6.4,460,204,https://mediaservice.audi.com/media/live/50900/fly1400x601n1/8wc/2021.png,"ABS, ESP, Bluetooth, Klima, Sunroof, Deri Koltuk, Şerit Takip, Geri Görüş Kamerası, Otonom Sürüş, 360 Kamera, Isıtmalı Koltuklar, Hayalet Ekran, Otomatik Vites",2903341;3040750;3114173;3237965;3368756;3465000
39,Chery,Tiggo 8 Pro,SUV,Petrol,Automatic,7,1796974,2024,19679,9.6,479,183,https://chery.com.tr/assets/img/models/tiggo8pro/tiggo8pro-hero.jpg,"ABS, ESP, Bluetooth, Klima, Sunroof, Deri Koltuk, Şerit Takip, Geri Görüş Kamerası, Otomatik Vites",1516091;1582009;1638409;1685444;1747036;1796974
40,Skoda,Superb,Sedan,Petrol,Automatic,5,2429058,2024,11989,8.0,625,150,https://az749841.vo.msecnd.net/sitestr/al/5f/c7/e9/8b/50/41/43/8b/5f/0d/1c/6b/6a/5f/9c/Skoda-Superb-Sedan-2020.jpg,"ABS, ESP, Bluetooth, Klima, Sunroof, Deri Koltuk, Şerit Takip, Geri Görüş Kamerası, Otonom Sürüş, 360 Kamera, Isıtmalı Koltuklar, Hayalet Ekran, Otomatik Vites",1998367;2077472;2166292;2222488;2321500;2429058
41,Ford,Kuga,SUV,Petrol,Automatic,5,1390739,2019,83711,8.3,515,180,https://www.ford.com.tr/content/dam/guxeu/tr/vehicle-images/kuga/2020/Showroom/ford-kuga-showroom-gallery-1.jpg,"ABS, ESP, Bluetooth, Klima, Sunroof, Deri Koltuk, Şerit Takip, Geri Görüş Kamerası, Otomatik Vites",1181650;1228057;1267315;1307908;1344913;1390739
42,Ford,Focus,Hatchback,Petrol,Automatic,5,1395421,2023,23494,7.7,375,125,https://www.ford.com.tr/content/dam/guxeu/tr/vehicle-images/focus/2022/Showroom/ford-focus-showroom-gallery-1.jpg,"ABS, ESP, Bluetooth, Klima, Otomatik Vites",1181358;1227382;1264313;1316188;1344130;1395421
43,Toyota,Corolla,Sedan,Hybrid,Automatic,5,1203912,2019,78395,5.3,471,140,https://www.toyota.com.tr/content/dam/toyota/turkey/models/corolla-sedan/heros/corolla-sedan-hero-1920x1080.jpg,"ABS, ESP, Bluetooth, Klima, Otomatik Vites, Hibrit Motor",1016149;1063716;1100142;1122622;1178191;1203912
44,Citroen,C3,Hatchback,Petrol,Manual,5,780471,2023,36814,7.0,300,83,https://www.citroen.com.tr/content/dam/citroen/turkey/models/c3/heros/c3-hero-1920x1080.jpg,"ABS, ESP, Bluetooth, Klima, Manuel Vites",670274;686516;704069;722092;745975;780471
45,Hyundai,i20,Hatchback,Petrol,Automatic,5,959483,2023,21158,7.4,352,100,https://www.hyundai.com/content/dam/hyundai/tr/tr/models/i20/2021/gallery/i20-gallery-1.jpg,"ABS, ESP, Bluetooth, Klima, Otomatik Vites",803775;837085;863964;904912;936765;959483
46,Hyundai,i20,Hatchback,Petrol,Automatic,5,712455,2018,116864,7.4,352,100,https://www.hyundai.com/content/dam/hyundai/tr/tr/models/i20/2021/gallery/i20-gallery-1.jpg,"ABS, ESP, Bluetooth, Klima, Otomatik Vites",614898;630874;654940;672873;686963;712455
47,Renault,Austral,SUV,Hybrid,Automatic,5,1961834,2024,21769,6.3,500,200,https://cdn.motor1.com/images/mgl/Akkkko/s1/renault-austral-2022.jpg,"ABS, ESP, Bluetooth, Klima, Sunroof, Deri Koltuk, Şerit Takip, Geri Görüş Kamerası, Otomatik Vites, Hibrit Motor",1684996;1735795;1790128;1830173;1889759;1961834
48,Nissan,Qashqai,SUV,Hybrid,Automatic,5,1465933,2020,94251,6.7,504,158,https://www-europe.nissan-cdn.net/content/dam/Nissan/tr/vehicles/qashqai/product_code/product_page/Performance/Nissan_Qashqai_2021_Performance_Desktop.jpg,"ABS, ESP, Bluetooth, Klima, Sunroof, Deri Koltuk, Şerit Takip, Geri Görüş Kamerası, Otomatik Vites, Hibrit Motor",1245939;1277473;1311121;1348422;1410328;1465933
49,Peugeot,2008,SUV,Petrol,Automatic,5,1460726,2023,37082,7.3,434,130,https://www.peugeot.com.tr/content/dam/peugeot/turkey/models/2008/heros/2008-hero-1920x1080.jpg,"ABS, ESP, Bluetooth, Klima, Otomatik Vites",1199242;1242593;1276936;1332740;1392844;1460726
50,Volkswagen,Golf,Hatchback,Petrol,Automatic,5,1255933,2021,76545,6.9,381,150,https://www.vw.com.tr/content/dam/vw-ngw/vw_pkw/importers/tr/modeller/yeni-golf/yeni-golf-hero-1920x1080.jpg,"ABS, ESP, Bluetooth, Klima, Otomatik Vites",1032890;1079872;1129389;1178962;1216236;1255933
51,Hyundai,i20 (Manuel),Hatchback,Petrol,Manual,5,916730,2024,6540,7.4,352,84,https://www.hyundai.com/content/dam/hyundai/tr/tr/models/i20/2021/gallery/i20-gallery-1.jpg,"ABS, ESP, Bluetooth, Klima, Manuel Vites",767785;802755;838293;865815;891288;916730
52,MG,MG4,Hatchback,Electric,Automatic,5,1171898,2020,81883,17.5,363,170,https://www.mg-turkey.com/assets/img/models/mg4/mg4-hero.jpg,"ABS, ESP, Bluetooth, Klima, Otomatik Vites",990819;1020576;1049618;1090135;1120984;1171898
53,Hyundai,i20,Hatchback,Petrol,Automatic,5,873870,2021,47065,7.4,352,100,https://www.hyundai.com/content/dam/hyundai/tr/tr/models/i20/2021/gallery/i20-gallery-1.jpg,"ABS, ESP, Bluetooth, Klima, Otomatik Vites",730847;761809;779090;811259;844142;873870
54,Peugeot,3008,SUV,Diesel,Automatic,5,1573516,2021,73274,6.4,520,130,https://www.peugeot.com.tr/content/dam/peugeot/turkey/models/3008/heros/3008-hero-1920x1080.jpg,"ABS, ESP, Bluetooth, Klima, Sunroof, Deri Koltuk, Şerit Takip, Geri Görüş Kamerası, Otomatik Vites",1340526;1378807;1425267;1481007;1542116;1573516
55,Peugeot,2008,SUV,Petrol,Automatic,5,1732500,2025,4138,7.3,434,130,https://www.peugeot.com.tr/content/dam/peugeot/turkey/models/2008/heros/2008-hero-1920x1080.jpg,"ABS, ESP, Bluetooth, Klima, Sunroof, Deri Koltuk, Şerit Takip, Geri Görüş Kamerası, Otomatik Vites",1492680;1549214;1586165;1620302;1677528;1732500
56,Toyota,Corolla,Sedan,Hybrid,Automatic,5,1315647,2021,44339,5.3,471,140,https://www.toyota.com.tr/content/dam/toyota/turkey/models/corolla-sedan/heros/corolla-sedan-hero-1920x1080.jpg,"ABS, ESP, Bluetooth, Klima, Otomatik Vites, Hibrit Motor",1098971;1125463;1177087;1225612;1263118;1315647
57,Volkswagen,Polo (Manuel),Hatchback,Petrol,Manual,5,1033506,2024,11497,6.9,351,80,https://www.vw.com.tr/content/dam/vw-ngw/vw_pkw/importers/tr/modeller/yeni-polo/yeni-polo-hero-1920x1080.jpg,"ABS, ESP, Bluetooth, Klima, Manuel Vites",871866;891098;911906;946279;990726;1033506
58,Volvo,XC40,SUV,Hybrid,Automatic,5,3255000,2025,1175,8.0,452,163,https://www.volvocars.com/images/v/16x9/c7/6f/c76f2b7a-8b8a-4b7a-9c7a-9c7a9c7a9c7a/xc40-hero-1920x1080.jpg,"ABS, ESP, Bluetooth, Klima, Sunroof, Deri Koltuk, Şerit Takip, Geri Görüş Kamerası, Otonom Sürüş, 360 Kamera, Isıtmalı Koltuklar, Hayalet Ekran, Otomatik Vites, Hibrit Motor",2670874;2801953;2858367;2998785;3115108;3255000
59,Opel,Corsa,Hatchback,Petrol,Automatic,5,1074523,2024,13270,6.8,309,100,https://www.opel.com.tr/content/dam/opel/turkey/models/corsa/heros/corsa-hero-1920x1080.jpg,"ABS, ESP, Bluetooth, Klima, Otomatik Vites",907921;928243;973586;995864;1042837;1074523
60,Ford,Focus,Hatchback,Petrol,Automatic,5,1396887,2023,30844,7.7,375,125,https://www.ford.com.tr/content/dam/guxeu/tr/vehicle-images/focus/2022/Showroom/ford-focus-showroom-gallery-1.jpg,"ABS, ESP, Bluetooth, Klima, Otomatik Vites",1134439;1188173;1230841;1282297;1334608;1396887
61,Volkswagen,Polo (Manuel),Hatchback,Petrol,Manual,5,643249,2018,129688,6.9,351,80,https://www.vw.com.tr/content/dam/vw-ngw/vw_pkw/importers/tr/modeller/yeni-polo/yeni-polo-hero-1920x1080.jpg,"ABS, ESP, Bluetooth, Klima, Manuel Vites",561286;575898;592285;607018;625125;643249
62,Cupra,Formentor,SUV,Petrol,Automatic,5,1531682,2018,111941,9.0,450,190,https://www.cupraofficial.com.tr/content/dam/cupra/turkey/models/formentor/heros/formentor-hero-1920x1080.jpg,"ABS, ESP, Bluetooth, Klima, Sunroof, Deri Koltuk, Şerit Takip, Geri Görüş Kamerası, Otomatik Vites",1275810;1336229;1365932;1398324;1459258;1531682
63,Skoda,Superb,Sedan,Petrol,Automatic,5,1717862,2019,68330,8.0,625,150,https://az749841.vo.msecnd.net/sitestr/al/5f/c7/e9/8b/50/41/43/8b/5f/0d/1c/6b/6a/5f/9c/Skoda-Superb-Sedan-2020.jpg,"ABS, ESP, Bluetooth, Klima, Sunroof, Deri Koltuk, Şerit Takip, Geri Görüş Kamerası, Otomatik Vites",1473631;1517774;1566649;1614977;1663491;1717862
64,Citroen,C3,Hatchback,Petrol,Manual,5,625775,2020,93288,7.0,300,83,https://www.citroen.com.tr/content/dam/citroen/turkey/models/c3/heros/c3-hero-1920x1080.jpg,"ABS, ESP, Bluetooth, Klima, Manuel Vites",518867;536332;562709;574673;596111;625775
65,Chery,Tiggo 7 Pro,SUV,Petrol,Automatic,5,1036255,2018,91714,10.1,475,183,https://chery.com.tr/assets/img/models/tiggo7pro/tiggo7pro-hero.jpg,"ABS, ESP, Bluetooth, Klima, Otomatik Vites",888079;916787;948756;980941;1011696;1036255
66,Citroen,C3,Hatchback,Petrol,Manual,5,752047,2022,62360,7.0,300,83,https://www.citroen.com.tr/content/dam/citroen/turkey/models/c3/heros/c3-hero-1920x1080.jpg,"ABS, ESP, Bluetooth, Klima, Manuel Vites",649403;669839;691207;711100;729646;752047
67,Volvo,XC40,SUV,Hybrid,Automatic,5,2235098,2019,108845,8.0,452,163,https://www.volvocars.com/images/v/16x9/c7/6f/c76f2b7a-8b8a-4b7a-9c7a-9c7a9c7a9c7a/xc40-hero-1920x1080.jpg,"ABS, ESP, Bluetooth, Klima, Sunroof, Deri Koltuk, Şerit Takip, Geri Görüş Kamerası, Otonom Sürüş, 360 Kamera, Isıtmalı Koltuklar, Hayalet Ekran, Otomatik Vites, Hibrit Motor",1930797;1984449;2061755;2122102;2177435;2235098
68,BMW,320i,Sedan,Petrol,Automatic,5,2434890,2020,77557,8.8,480,170,https://www.bmw.com.tr/content/dam/bmw/common/all-models/3-series/sedan/2018/navigation/bmw-3-series-sedan-model-overview-guide-segment-01-01.jpg,"ABS, ESP, Bluetooth, Klima, Sunroof, Deri Koltuk, Şerit Takip, Geri Görüş Kamerası, Otonom Sürüş, 360 Kamera, Isıtmalı Koltuklar, Hayalet Ekran, Otomatik Vites",2128438;2171146;2243605;2307015;2372517;2434890
69,Seat,Leon,Hatchback,Petrol,Automatic,5,975713,2018,108604,7.3,380,110,https://www.seat.com.tr/content/dam/seat/turkey/models/leon/heros/leon-hero-1920x1080.jpg,"ABS, ESP, Bluetooth, Klima, Otomatik Vites",812912;839007;864501;896891;931095;975713
70,Opel,Mokka,SUV,Petrol,Automatic,5,1084359,2019,57367,7.2,350,130,https://www.opel.com.tr/content/dam/opel/turkey/models/mokka/heros/mokka-hero-1920x1080.jpg,"ABS, ESP, Bluetooth, Klima, Otomatik Vites",898555;936360;962539;998129;1046812;1084359
71,Toyota,C-HR,SUV,Hybrid,Automatic,5,1612707,2021,51603,5.5,377,140,https://www.toyota.com.tr/content/dam/toyota/turkey/models/c-hr/heros/c-hr-hero-1920x1080.jpg,"ABS, ESP, Bluetooth, Klima, Sunroof, Deri Koltuk, Şerit Takip, Geri Görüş Kamerası, Otomatik Vites, Hibrit Motor",1371809;1419294;1453662;1499439;1540313;1612707
72,Toyota,Corolla,Sedan,Hybrid,Automatic,5,1096720,2018,73657,5.3,471,140,https://www.toyota.com.tr/content/dam/toyota/turkey/models/corolla-sedan/heros/corolla-sedan-hero-1920x1080.jpg,"ABS, ESP, Bluetooth, Klima, Otomatik Vites, Hibrit Motor",925175;962576;996936;1019928;1046606;1096720
73,Volkswagen,Polo (Manuel),Hatchback,Petrol,Manual,5,755745,2020,63206,6.9,351,80,https://www.vw.com.tr/content/dam/vw-ngw/vw_pkw/importers/tr/modeller/yeni-polo/yeni-polo-hero-1920x1080.jpg,"ABS, ESP, Bluetooth, Klima, Manuel Vites",618903;649303;665227;697469;729580;755745
74,Ford,Puma,SUV,Hybrid,Automatic,5,1533871,2024,7741,6.9,456,125,https://www.ford.com.tr/content/dam/guxeu/tr/vehicle-images/puma/2020/Showroom/ford-puma-showroom-gallery-1.jpg,"ABS, ESP, Bluetooth, Klima, Otomatik Vites, Hibrit Motor",1276536;1314416;1350776;1403527;1467881;1533871
75,Fiat,Egea Cross,SUV,Hybrid,Automatic,5,862473,2019,83626,6.5,440,130,https://img.paratic.com/dosya/2021/01/yeni-fiat-egea-cross-ozellikleri-fiyati.jpg,"ABS, ESP, Bluetooth, Klima, Otomatik Vites, Hibrit Motor",732101;765134;785038;811040;833158;862473
76,BMW,320i,Sedan,Petrol,Automatic,5,3675000,2025,4222,8.8,480,170,https://www.bmw.com.tr/content/dam/bmw/common/all-models/3-series/sedan/2018/navigation/bmw-3-series-sedan-model-overview-guide-segment-01-01.jpg,"ABS, ESP, Bluetooth, Klima, Sunroof, Deri Koltuk, Şerit Takip, Geri Görüş Kamerası, Otonom Sürüş, 360 Kamera, Isıtmalı Koltuklar, Hayalet Ekran, Otomatik Vites",3070936;3156393;3239943;3382522;3530702;3675000
77,Toyota,C-HR,SUV,Hybrid,Automatic,5,1431527,2020,94800,5.5,377,140,https://www.toyota.com.tr/content/dam/toyota/turkey/models/c-hr/heros/c-hr-hero-1920x1080.jpg,"ABS, ESP, Bluetooth, Klima, Sunroof, Deri Koltuk, Şerit Takip, Geri Görüş Kamerası, Otomatik Vites, Hibrit Motor",1184031;1222211;1262589;1317580;1365331;1431527
78,Volkswagen,Polo (Manuel),Hatchback,Petrol,Manual,5,733076,2020,52318,6.9,351,80,https://www.vw.com.tr/content/dam/vw-ngw/vw_pkw/importers/tr/modeller/yeni-polo/yeni-polo-hero-1920x1080.jpg,"ABS, ESP, Bluetooth, Klima, Manuel Vites",617802;641227;666776;689183;709348;733076
79,Renault,Clio,Hatchback,Petrol,Automatic,5,930007,2021,40458,6.9,391,90,https://cdn.motor1.com/images/mgl/2N2J3/s1/2020-renault-clio-e-tech.jpg,"ABS, ESP, Bluetooth, Klima, Otomatik Vites",797049;815639;835436;865320;891924;930007
80,Toyota,Corolla,Sedan,Hybrid,Automatic,5,1785000,2025,1945,5.3,471,140,https://www.toyota.com.tr/content/dam/toyota/turkey/models/corolla-sedan/heros/corolla-sedan-hero-1920x1080.jpg,"ABS, ESP, Bluetooth, Klima, Sunroof, Deri Koltuk, Şerit Takip, Geri Görüş Kamerası, Otomatik Vites, Hibrit Motor",1463476;1535279;1582499;1657643;1724647;1785000
81,Honda,Civic,Sedan,Petrol,Automatic,5,1533476,2022,46231,8.0,519,182,https://www.honda.com.tr/assets/img/models/civic-sedan/civic-sedan-hero.jpg,"ABS, ESP, Bluetooth, Klima, Sunroof, Deri Koltuk, Şerit Takip, Geri Görüş Kamerası, Otomatik Vites",1314900;1344286;1398890;1431431;1486888;1533476
82,Renault,Megane,Sedan,Diesel,Automatic,5,1680000,2025,424,6.1,550,115,https://www.auto-data.net/images/f99/Renault-Megane-IV-Sedan-facelift-2020.jpg,"ABS, ESP, Bluetooth, Klima, Sunroof, Deri Koltuk, Şerit Takip, Geri Görüş Kamerası, Otomatik Vites",1410384;1470755;1500917;1539604;1615173;1680000
83,Fiat,Egea Sedan (Manuel),Sedan,Petrol,Manual,5,897394,2024,14984,7.9,520,95,https://cdn.motor1.com/images/mgl/mrz1e/s1/fiat-egea-sedan-facelift.jpg,"ABS, ESP, Bluetooth, Klima, Manuel Vites",756192;790322;806298;841089;866947;897394
84,Ford,Kuga,SUV,Petrol,Automatic,5,2310000,2025,841,8.3,515,180,https://www.ford.com.tr/content/dam/guxeu/tr/vehicle-images/kuga/2020/Showroom/ford-kuga-showroom-gallery-1.jpg,"ABS, ESP, Bluetooth, Klima, Sunroof, Deri Koltuk, Şerit Takip, Geri Görüş Kamerası, Otomatik Vites",1998714;2051099;2094693;2150753;2200862;2310000
85,Skoda,Superb,Sedan,Petrol,Automatic,5,2411202,2024,13183,8.0,625,150,https://az749841.vo.msecnd.net/sitestr/al/5f/c7/e9/8b/50/41/43/8b/5f/0d/1c/6b/6a/5f/9c/Skoda-Superb-Sedan-2020.jpg,"ABS, ESP, Bluetooth, Klima, Sunroof, Deri Koltuk, Şerit Takip, Geri Görüş Kamerası, Otonom Sürüş, 360 Kamera, Isıtmalı Koltuklar, Hayalet Ekran, Otomatik Vites",1978202;2071178;2173931;2241331;2299124;2411202
86,Fiat,Egea Cross,SUV,Hybrid,Automatic,5,1417500,2025,2916,6.5,440,130,https://img.paratic.com/dosya/2021/01/yeni-fiat-egea-cross-ozellikleri-fiyati.jpg,"ABS, ESP, Bluetooth, Klima, Otomatik Vites, Hibrit Motor",1166714;1195665;1251901;1314242;1379680;1417500
87,Audi,Q3,SUV,Petrol,Automatic,5,2695592,2024,21297,8.7,530,150,https://mediaservice.audi.com/media/live/50900/fly1400x601n1/f3b/2021.png,"ABS, ESP, Bluetooth, Klima, Sunroof, Deri Koltuk, Şerit Takip, Geri Görüş Kamerası, Otonom Sürüş, 360 Kamera, Isıtmalı Koltuklar, Hayalet Ekran, Otomatik Vites",2249338;2355265;2425052;2512882;2594360;2695592
88,Skoda,Superb,Sedan,Petrol,Automatic,5,1556081,2018,121028,8.0,625,150,https://az749841.vo.msecnd.net/sitestr/al/5f/c7/e9/8b/50/41/43/8b/5f/0d/1c/6b/6a/5f/9c/Skoda-Superb-Sedan-2020.jpg,"ABS, ESP, Bluetooth, Klima, Sunroof, Deri Koltuk, Şerit Takip, Geri Görüş Kamerası, Otomatik Vites",1308229;1355008;1400387;1449505;1520704;1556081
89,Volkswagen,Golf,Hatchback,Petrol,Automatic,5,1482988,2023,24430,6.9,381,150,https://www.vw.com.tr/content/dam/vw-ngw/vw_pkw/importers/tr/modeller/yeni-golf/yeni-golf-hero-1920x1080.jpg,"ABS, ESP, Bluetooth, Klima, Otomatik Vites",1290128;1319623;1351868;1403587;1445283;1482988
90,Chery,Tiggo 7 Pro,SUV,Petrol,Automatic,5,1158462,2019,80868,10.1,475,183,https://chery.com.tr/assets/img/models/tiggo7pro/tiggo7pro-hero.jpg,"ABS, ESP, Bluetooth, Klima, Otomatik Vites",989142;1009676;1035687;1079181;1103790;1158462
91,Ford,Puma,SUV,Hybrid,Automatic,5,1045790,2018,100168,6.9,456,125,https://www.ford.com.tr/content/dam/guxeu/tr/vehicle-images/puma/2020/Showroom/ford-puma-showroom-gallery-1.jpg,"ABS, ESP, Bluetooth, Klima, Otomatik Vites, Hibrit Motor",873076;915435;951680;974239;1020863;1045790
92,Renault,Clio,Hatchback,Petrol,Automatic,5,1207500,2025,1322,6.9,391,90,https://cdn.motor1.com/images/mgl/2N2J3/s1/2020-renault-clio-e-tech.jpg,"ABS, ESP, Bluetooth, Klima, Otomatik Vites",1004795;1053739;1082934;1135963;1173632;1207500
93,Fiat,Egea Sedan,Sedan,Diesel,Automatic,5,1155000,2025,2481,6.0,520,130,https://cdn.motor1.com/images/mgl/mrz1e/s1/fiat-egea-sedan-facelift.jpg,"ABS, ESP, Bluetooth, Klima, Otomatik Vites",956883;998621;1037809;1077572;1124671;1155000
94,Nissan,Qashqai,SUV,Hybrid,Automatic,5,1665072,2022,40956,6.7,504,158,https://www-europe.nissan-cdn.net/content/dam/Nissan/tr/vehicles/qashqai/product_code/product_page/Performance/Nissan_Qashqai_2021_Performance_Desktop.jpg,"ABS, ESP, Bluetooth, Klima, Sunroof, Deri Koltuk, Şerit Takip, Geri Görüş Kamerası, Otomatik Vites, Hibrit Motor",1382460;1415983;1481853;1517731;1588838;1665072
95,Audi,Q3,SUV,Petrol,Automatic,5,2482158,2023,37486,8.7,530,150,https://mediaservice.audi.com/media/live/50900/fly1400x601n1/f3b/2021.png,"ABS, ESP, Bluetooth, Klima, Sunroof, Deri Koltuk, Şerit Takip, Geri Görüş Kamerası, Otonom Sürüş, 360 Kamera, Isıtmalı Koltuklar, Hayalet Ekran, Otomatik Vites",2071341;2169524;2228733;2331322;2379056;2482158
96,Cupra,Formentor,SUV,Petrol,Automatic,5,2415000,2025,522,9.0,450,190,https://www.cupraofficial.com.tr/content/dam/cupra/turkey/models/formentor/heros/formentor-hero-1920x1080.jpg,"ABS, ESP, Bluetooth, Klima, Sunroof, Deri Koltuk, Şerit Takip, Geri Görüş Kamerası, Otonom Sürüş, 360 Kamera, Isıtmalı Koltuklar, Hayalet Ekran, Otomatik Vites",2090303;2165347;2210649;2288807;2335126;2415000
97,Renault,Taliant,Sedan,Petrol,Manual,5,613152,2020,65864,7.1,628,65,https://cdn.motor1.com/images/mgl/1Z1Z3/s1/renault-taliant.jpg,"ABS, ESP, Bluetooth, Klima, Manuel Vites",514647;528212;550320;563974;586850;613152
98,Nissan,Qashqai,SUV,Hybrid,Automatic,5,1511896,2021,44875,6.7,504,158,https://www-europe.nissan-cdn.net/content/dam/Nissan/tr/vehicles/qashqai/product_code/product_page/Performance/Nissan_Qashqai_2021_Performance_Desktop.jpg,"ABS, ESP, Bluetooth, Klima, Sunroof, Deri Koltuk, Şerit Takip, Geri Görüş Kamerası, Otomatik Vites, Hibrit Motor",1247446;1296800;1355629;1414666;1469377;1511896
99,Renault,Austral,SUV,Hybrid,Automatic,5,1856510,2023,30901,6.3,500,200,https://cdn.motor1.com/images/mgl/Akkkko/s1/renault-austral-2022.jpg,"ABS, ESP, Bluetooth, Klima, Sunroof, Deri Koltuk, Şerit Takip, Geri Görüş Kamerası, Otomatik Vites, Hibrit Motor",1545526;1620805;1658155;1728446;1807124;1856510
100,Renault,Austral,SUV,Hybrid,Automatic,5,1415141,2018,100372,6.3,500,200,https://cdn.motor1.com/images/mgl/Akkkko/s1/renault-austral-2022.jpg,"ABS, ESP, Bluetooth, Klima, Sunroof, Deri Koltuk, Şerit Takip, Geri Görüş Kamerası, Otomatik Vites, Hibrit Motor",1193538;1227769;1254249;1316726;1377423;1415141
101,Renault,Austral,SUV,Hybrid,Automatic,5,1979903,2024,13416,6.3,500,200,https://cdn.motor1.com/images/mgl/Akkkko/s1/renault-austral-2022.jpg,"ABS, ESP, Bluetooth, Klima, Sunroof, Deri Koltuk, Şerit Takip, Geri Görüş Kamerası, Otomatik Vites, Hibrit Motor",1690446;1726988;1783322;1861603;1929622;1979903
102,Mercedes,C200,Sedan,Diesel,Automatic,5,3411400,2024,9245,6.3,455,163,https://www.mercedes-benz.com.tr/passengercars/models/saloon/c-class/overview/_jcr_content/contentgallerycontainer/par/contentgallery/par/contentgallerytile/image.MQ6.8.20210629140458.jpeg,"ABS, ESP, Bluetooth, Klima, Sunroof, Deri Koltuk, Şerit Takip, Geri Görüş Kamerası, Otonom Sürüş, 360 Kamera, Isıtmalı Koltuklar, Hayalet Ekran, Otomatik Vites",2919974;2998197;3070541;3189652;3276618;3411400
103,Nissan,Juke,SUV,Petrol,Automatic,5,1116185,2020,67673,7.6,422,115,https://www-europe.nissan-cdn.net/content/dam/Nissan/tr/vehicles/juke/product_code/product_page/Performance/Nissan_Juke_2020_Performance_Desktop.jpg,"ABS, ESP, Bluetooth, Klima, Otomatik Vites",944485;973309;1010721;1046400;1067355;1116185
104,Volvo,XC40,SUV,Hybrid,Automatic,5,2687613,2023,40255,8.0,452,163,https://www.volvocars.com/images/v/16x9/c7/6f/c76f2b7a-8b8a-4b7a-9c7a-9c7a9c7a9c7a/xc40-hero-1920x1080.jpg,"ABS, ESP, Bluetooth, Klima, Sunroof, Deri Koltuk, Şerit Takip, Geri Görüş Kamerası, Otonom Sürüş, 360 Kamera, Isıtmalı Koltuklar, Hayalet Ekran, Otomatik Vites, Hibrit Motor",2295731;2348595;2455878;2533424;2620956;2687613
105,Toyota,Corolla,Sedan,Hybrid,Automatic,5,1048280,2019,97210,5.3,471,140,https://www.toyota.com.tr/content/dam/toyota/turkey/models/corolla-sedan/heros/corolla-sedan-hero-1920x1080.jpg,"ABS, ESP, Bluetooth, Klima, Otomatik Vites, Hibrit Motor",896491;920792;942021;972325;1014954;1048280
106,Hyundai,i20 (Manuel),Hatchback,Petrol,Manual,5,581483,2018,97233,7.4,352,84,https://www.hyundai.com/content/dam/hyundai/tr/tr/models/i20/2021/gallery/i20-gallery-1.jpg,"ABS, ESP, Bluetooth, Klima, Manuel Vites",497410;508455;520770;534892;554349;581483
107,Audi,A3 Sportback,Hatchback,Petrol,Automatic,5,2205000,2025,2266,7.3,380,150,https://mediaservice.audi.com/media/live/50900/fly1400x601n1/8yar/2021.png,"ABS, ESP, Bluetooth, Klima, Sunroof, Deri Koltuk, Şerit Takip, Geri Görüş Kamerası, Otomatik Vites",1784838;1862746;1950908;2038486;2104784;2205000
108,Honda,Civic,Sedan,Petrol,Automatic,5,1467223,2021,48155,8.0,519,182,https://www.honda.com.tr/assets/img/models/civic-sedan/civic-sedan-hero.jpg,"ABS, ESP, Bluetooth, Klima, Sunroof, Deri Koltuk, Şerit Takip, Geri Görüş Kamerası, Otomatik Vites",1254238;1289440;1350943;1379744;1432482;1467223
109,Cupra,Formentor,SUV,Petrol,Automatic,5,2122460,2024,12390,9.0,450,190,https://www.cupraofficial.com.tr/content/dam/cupra/turkey/models/formentor/heros/formentor-hero-1920x1080.jpg,"ABS, ESP, Bluetooth, Klima, Sunroof, Deri Koltuk, Şerit Takip, Geri Görüş Kamerası, Otomatik Vites",1798814;1882538;1947006;2015121;2067324;2122460
110,Chery,Tiggo 8 Pro,SUV,Petrol,Automatic,7,1487095,2020,67244,9.6,479,183,https://chery.com.tr/assets/img/models/tiggo8pro/tiggo8pro-hero.jpg,"ABS, ESP, Bluetooth, Klima, Sunroof, Deri Koltuk, Şerit Takip, Geri Görüş Kamerası, Otomatik Vites",1245473;1280056;1330672;1377864;1431075;1487095
111,Chery,Tiggo 7 Pro,SUV,Petrol,Automatic,5,1732500,2025,3770,10.1,475,183,https://chery.com.tr/assets/img/models/tiggo7pro/tiggo7pro-hero.jpg,"ABS, ESP, Bluetooth, Klima, Sunroof, Deri Koltuk, Şerit Takip, Geri Görüş Kamerası, Otomatik Vites",1444770;1495129;1554870;1605729;1678002;1732500
112,Opel,Corsa,Hatchback,Petrol,Automatic,5,827124,2021,44052,6.8,309,100,https://www.opel.com.tr/content/dam/opel/turkey/models/corsa/heros/corsa-hero-1920x1080.jpg,"ABS, ESP, Bluetooth, Klima, Otomatik Vites",685894;718131;736322;772415;804884;827124
113,Dacia,Duster,SUV,Diesel,Manual,5,987265,2022,47553,6.4,475,115,https://cdn.motor1.com/images/mgl/6ZZ6L/s1/dacia-duster-2022.jpg,"ABS, ESP, Bluetooth, Klima, Manuel Vites",828231;846896;888117;924392;955529;987265
114,Chery,Tiggo 8 Pro,SUV,Petrol,Automatic,7,1729520,2023,39095,9.6,479,183,https://chery.com.tr/assets/img/models/tiggo8pro/tiggo8pro-hero.jpg,"ABS, ESP, Bluetooth, Klima, Sunroof, Deri Koltuk, Şerit Takip, Geri Görüş Kamerası, Otomatik Vites",1500136;1555201;1600205;1641142;1687363;1729520
115,Volvo,XC40,SUV,Hybrid,Automatic,5,1822823,2018,87317,8.0,452,163,https://www.volvocars.com/images/v/16x9/c7/6f/c76f2b7a-8b8a-4b7a-9c7a-9c7a9c7a9c7a/xc40-hero-1920x1080.jpg,"ABS, ESP, Bluetooth, Klima, Sunroof, Deri Koltuk, Şerit Takip, Geri Görüş Kamerası, Otomatik Vites, Hibrit Motor",1534087;1587079;1645184;1705562;1770137;1822823
116,Opel,Mokka,SUV,Petrol,Automatic,5,1374867,2021,71063,7.2,350,130,https://www.opel.com.tr/content/dam/opel/turkey/models/mokka/heros/mokka-hero-1920x1080.jpg,"ABS, ESP, Bluetooth, Klima, Sunroof, Deri Koltuk, Şerit Takip, Geri Görüş Kamerası, Otomatik Vites",1142476;1194860;1250239;1304467;1332628;1374867
117,Nissan,Qashqai,SUV,Hybrid,Automatic,5,2205000,2025,3942,6.7,504,158,https://www-europe.nissan-cdn.net/content/dam/Nissan/tr/vehicles/qashqai/product_code/product_page/Performance/Nissan_Qashqai_2021_Performance_Desktop.jpg,"ABS, ESP, Bluetooth, Klima, Sunroof, Deri Koltuk, Şerit Takip, Geri Görüş Kamerası, Otomatik Vites, Hibrit Motor",1862771;1942979;2012689;2080196;2138746;2205000
118,Toyota,C-HR,SUV,Hybrid,Automatic,5,1559995,2021,51265,5.5,377,140,https://www.toyota.com.tr/content/dam/toyota/turkey/models/c-hr/heros/c-hr-hero-1920x1080.jpg,"ABS, ESP, Bluetooth, Klima, Sunroof, Deri Koltuk, Şerit Takip, Geri Görüş Kamerası, Otomatik Vites, Hibrit Motor",1300977;1344030;1404021;1459195;1507032;1559995
119,Renault,Taliant,Sedan,Petrol,Manual,5,624815,2019,72425,7.1,628,65,https://cdn.motor1.com/images/mgl/1Z1Z3/s1/renault-taliant.jpg,"ABS, ESP, Bluetooth, Klima, Manuel Vites",501330;523612;548461;572443;599859;624815
120,MG,MG4,Hatchback,Electric,Automatic,5,1680000,2025,1068,17.5,363,170,https://www.mg-turkey.com/assets/img/models/mg4/mg4-hero.jpg,"ABS, ESP, Bluetooth, Klima, Sunroof, Deri Koltuk, Şerit Takip, Geri Görüş Kamerası, Otomatik Vites",1392258;1422382;1488150;1536508;1601461;1680000
121,Renault,Megane,Sedan,Diesel,Automatic,5,1415849,2023,39155,6.1,550,115,https://www.auto-data.net/images/f99/Renault-Megane-IV-Sedan-facelift-2020.jpg,"ABS, ESP, Bluetooth, Klima, Otomatik Vites",1191819;1234808;1275404;1317415;1356030;1415849
122,Volkswagen,Polo (Manuel),Hatchback,Petrol,Manual,5,945673,2023,25100,6.9,351,80,https://www.vw.com.tr/content/dam/vw-ngw/vw_pkw/importers/tr/modeller/yeni-polo/yeni-polo-hero-1920x1080.jpg,"ABS, ESP, Bluetooth, Klima, Manuel Vites",830374;851872;871126;902219;921220;945673
123,Hyundai,i20,Hatchback,Petrol,Automatic,5,790892,2019,65558,7.4,352,100,https://www.hyundai.com/content/dam/hyundai/tr/tr/models/i20/2021/gallery/i20-gallery-1.jpg,"ABS, ESP, Bluetooth, Klima, Otomatik Vites",667723;683126;711901;737153;764494;790892
124,Skoda,Superb,Sedan,Petrol,Automatic,5,2403213,2024,14294,8.0,625,150,https://az749841.vo.msecnd.net/sitestr/al/5f/c7/e9/8b/50/41/43/8b/5f/0d/1c/6b/6a/5f/9c/Skoda-Superb-Sedan-2020.jpg,"ABS, ESP, Bluetooth, Klima, Sunroof, Deri Koltuk, Şerit Takip, Geri Görüş Kamerası, Otonom Sürüş, 360 Kamera, Isıtmalı Koltuklar, Hayalet Ekran, Otomatik Vites",2056574;2126413;2189627;2240268;2329235;2403213
125,Fiat,Egea Cross,SUV,Hybrid,Automatic,5,1214687,2023,27689,6.5,440,130,https://img.paratic.com/dosya/2021/01/yeni-fiat-egea-cross-ozellikleri-fiyati.jpg,"ABS, ESP, Bluetooth, Klima, Otomatik Vites, Hibrit Motor",1049636;1072261;1115796;1143900;1176316;1214687
126,Ford,Focus,Hatchback,Petrol,Automatic,5,992579,2019,59661,7.7,375,125,https://www.ford.com.tr/content/dam/guxeu/tr/vehicle-images/focus/2022/Showroom/ford-focus-showroom-gallery-1.jpg,"ABS, ESP, Bluetooth, Klima, Otomatik Vites",819997;858966;885823;907047;950510;992579
127,Fiat,Egea Sedan (Manuel),Sedan,Petrol,Manual,5,997500,2025,1791,7.9,520,95,https://cdn.motor1.com/images/mgl/mrz1e/s1/fiat-egea-sedan-facelift.jpg,"ABS, ESP, Bluetooth, Klima, Manuel Vites",846917;885824;913712;933077;956623;997500
128,Chery,Tiggo 8 Pro,SUV,Petrol,Automatic,7,1474324,2020,85633,9.6,479,183,https://chery.com.tr/assets/img/models/tiggo8pro/tiggo8pro-hero.jpg,"ABS, ESP, Bluetooth, Klima, Sunroof, Deri Koltuk, Şerit Takip, Geri Görüş Kamerası, Otomatik Vites",1261981;1289868;1325410;1353871;1415635;1474324
129,Cupra,Formentor,SUV,Petrol,Automatic,5,2139374,2024,10880,9.0,450,190,https://www.cupraofficial.com.tr/content/dam/cupra/turkey/models/formentor/heros/formentor-hero-1920x1080.jpg,"ABS, ESP, Bluetooth, Klima, Sunroof, Deri Koltuk, Şerit Takip, Geri Görüş Kamerası, Otomatik Vites",1822946;1896991;1940458;1982485;2038477;2139374
130,Fiat,Egea Sedan,Sedan,Diesel,Automatic,5,630956,2018,110422,6.0,520,130,https://cdn.motor1.com/images/mgl/mrz1e/s1/fiat-egea-sedan-facelift.jpg,"ABS, ESP, Bluetooth, Klima, Otomatik Vites",524835;538892;558197;574678;601191;630956
131,Fiat,Egea Sedan,Sedan,Diesel,Automatic,5,791826,2020,88945,6.0,520,130,https://cdn.motor1.com/images/mgl/mrz1e/s1/fiat-egea-sedan-facelift.jpg,"ABS, ESP, Bluetooth, Klima, Otomatik Vites",663514;686292;720048;739752;767017;791826
132,Chery,Tiggo 8 Pro,SUV,Petrol,Automatic,7,1314104,2019,116598,9.6,479,183,https://chery.com.tr/assets/img/models/tiggo8pro/tiggo8pro-hero.jpg,"ABS, ESP, Bluetooth, Klima, Otomatik Vites",1141875;1178096;1226293;1252525;1281205;1314104
133,Fiat,Egea Cross,SUV,Hybrid,Automatic,5,1152010,2022,34295,6.5,440,130,https://img.paratic.com/dosya/2021/01/yeni-fiat-egea-cross-ozellikleri-fiyati.jpg,"ABS, ESP, Bluetooth, Klima, Otomatik Vites, Hibrit Motor",942675;988692;1026447;1074823;1127152;1152010
134,Chery,Tiggo 7 Pro,SUV,Petrol,Automatic,5,1187527,2019,80493,10.1,475,183,https://chery.com.tr/assets/img/models/tiggo7pro/tiggo7pro-hero.jpg,"ABS, ESP, Bluetooth, Klima, Otomatik Vites",1020441;1043348;1084162;1120882;1143645;1187527
135,Citroen,C4,Hatchback,Petrol,Automatic,5,1190843,2021,44145,7.1,380,130,https://www.citroen.com.tr/content/dam/citroen/turkey/models/c4/heros/c4-hero-1920x1080.jpg,"ABS, ESP, Bluetooth, Klima, Otomatik Vites",1011404;1051878;1085402;1117436;1151137;1190843
136,Ford,Puma,SUV,Hybrid,Automatic,5,1336824,2021,65086,6.9,456,125,https://www.ford.com.tr/content/dam/guxeu/tr/vehicle-images/puma/2020/Showroom/ford-puma-showroom-gallery-1.jpg,"ABS, ESP, Bluetooth, Klima, Otomatik Vites, Hibrit Motor",1100603;1151369;1203148;1232692;1277040;1336824
137,Fiat,Egea Sedan,Sedan,Diesel,Automatic,5,685455,2018,129816,6.0,520,130,https://cdn.motor1.com/images/mgl/mrz1e/s1/fiat-egea-sedan-facelift.jpg,"ABS, ESP, Bluetooth, Klima, Otomatik Vites",573631;594147;623683;639725;669802;685455
138,Ford,Puma,SUV,Hybrid,Automatic,5,1014120,2018,76153,6.9,456,125,https://www.ford.com.tr/content/dam/guxeu/tr/vehicle-images/puma/2020/Showroom/ford-puma-showroom-gallery-1.jpg,"ABS, ESP, Bluetooth, Klima, Otomatik Vites, Hibrit Motor",823573;859529;897391;938718;966401;1014120
139,Audi,A3 Sportback,Hatchback,Petrol,Automatic,5,1951693,2024,12267,7.3,380,150,https://mediaservice.audi.com/media/live/50900/fly1400x601n1/8yar/2021.png,"ABS, ESP, Bluetooth, Klima, Sunroof, Deri Koltuk, Şerit Takip, Geri Görüş Kamerası, Otomatik Vites",1687255;1726549;1773391;1816526;1885857;1951693
140,Opel,Mokka,SUV,Petrol,Automatic,5,1518617,2023,39583,7.2,350,130,https://www.opel.com.tr/content/dam/opel/turkey/models/mokka/heros/mokka-hero-1920x1080.jpg,"ABS, ESP, Bluetooth, Klima, Otomatik Vites",1344633;1378613;1413514;1452980;1486172;1518617
141,Nissan,Qashqai,SUV,Hybrid,Automatic,5,1963959,2024,20078,6.7,504,158,https://www-europe.nissan-cdn.net/content/dam/Nissan/tr/vehicles/qashqai/product_code/product_page/Performance/Nissan_Qashqai_2021_Performance_Desktop.jpg,"ABS, ESP, Bluetooth, Klima, Sunroof, Deri Koltuk, Şerit Takip, Geri Görüş Kamerası, Otomatik Vites, Hibrit Motor",1674034;1712104;1755009;1806018;1889610;1963959
142,Ford,Focus,Hatchback,Petrol,Automatic,5,1440040,2024,22262,7.7,375,125,https://www.ford.com.tr/content/dam/guxeu/tr/vehicle-images/focus/2022/Showroom/ford-focus-showroom-gallery-1.jpg,"ABS, ESP, Bluetooth, Klima, Otomatik Vites",1197503;1241126;1284448;1311309;1375418;1440040
143,BMW,320i,Sedan,Petrol,Automatic,5,3133663,2023,27123,8.8,480,170,https://www.bmw.com.tr/content/dam/bmw/common/all-models/3-series/sedan/2018/navigation/bmw-3-series-sedan-model-overview-guide-segment-01-01.jpg,"ABS, ESP, Bluetooth, Klima, Sunroof, Deri Koltuk, Şerit Takip, Geri Görüş Kamerası, Otonom Sürüş, 360 Kamera, Isıtmalı Koltuklar, Hayalet Ekran, Otomatik Vites",2528926;2652477;2777474;2913815;3007216;3133663
144,Chery,Tiggo 8 Pro,SUV,Petrol,Automatic,7,1663038,2023,22952,9.6,479,183,https://chery.com.tr/assets/img/models/tiggo8pro/tiggo8pro-hero.jpg,"ABS, ESP, Bluetooth, Klima, Sunroof, Deri Koltuk, Şerit Takip, Geri Görüş Kamerası, Otomatik Vites",1398379;1453856;1521188;1570155;1609898;1663038
145,Volkswagen,Golf,Hatchback,Petrol,Automatic,5,1175963,2018,80070,6.9,381,150,https://www.vw.com.tr/content/dam/vw-ngw/vw_pkw/importers/tr/modeller/yeni-golf/yeni-golf-hero-1920x1080.jpg,"ABS, ESP, Bluetooth, Klima, Otomatik Vites",1009750;1048949;1086715;1108659;1131843;1175963
146,Chery,Tiggo 8 Pro,SUV,Petrol,Automatic,7,1302228,2018,109566,9.6,479,183,https://chery.com.tr/assets/img/models/tiggo8pro/tiggo8pro-hero.jpg,"ABS, ESP, Bluetooth, Klima, Otomatik Vites",1076990;1112338;1149849;1197579;1252319;1302228
147,Renault,Austral,SUV,Hybrid,Automatic,5,1688618,2021,76979,6.3,500,200,https://cdn.motor1.com/images/mgl/Akkkko/s1/renault-austral-2022.jpg,"ABS, ESP, Bluetooth, Klima, Sunroof, Deri Koltuk, Şerit Takip, Geri Görüş Kamerası, Otomatik Vites, Hibrit Motor",1422756;1458769;1529256;1571177;1631968;1688618
148,Hyundai,Tucson,SUV,Diesel,Automatic,5,1281306,2018,119047,7.0,620,136,https://www.hyundai.com/content/dam/hyundai/tr/tr/models/tucson/2021/gallery/tucson-gallery-1.jpg,"ABS, ESP, Bluetooth, Klima, Otomatik Vites",1119678;1142517;1175410;1199117;1243396;1281306
149,BMW,320i,Sedan,Petrol,Automatic,5,2939131,2022,50638,8.8,480,170,https://www.bmw.com.tr/content/dam/bmw/common/all-models/3-series/sedan/2018/navigation/bmw-3-series-sedan-model-overview-guide-segment-01-01.jpg,"ABS, ESP, Bluetooth, Klima, Sunroof, Deri Koltuk, Şerit Takip, Geri Görüş Kamerası, Otonom Sürüş, 360 Kamera, Isıtmalı Koltuklar, Hayalet Ekran, Otomatik Vites",2535455;2620431;2675608;2789741;2877730;2939131
150,Volkswagen,Golf,Hatchback,Petrol,Automatic,5,1272320,2021,61286,6.9,381,150,https://www.vw.com.tr/content/dam/vw-ngw/vw_pkw/importers/tr/modeller/yeni-golf/yeni-golf-hero-1920x1080.jpg,"ABS, ESP, Bluetooth, Klima, Otomatik Vites",1045053;1094340;1131136;1175901;1219317;1272320
151,Volkswagen,Golf,Hatchback,Petrol,Automatic,5,1837500,2025,3536,6.9,381,150,https://www.vw.com.tr/content/dam/vw-ngw/vw_pkw/importers/tr/modeller/yeni-golf/yeni-golf-hero-1920x1080.jpg,"ABS, ESP, Bluetooth, Klima, Sunroof, Deri Koltuk, Şerit Takip, Geri Görüş Kamerası, Otomatik Vites",1613337;1665434;1700477;1738910;1774501;1837500
152,Volkswagen,Polo (Manuel),Hatchback,Petrol,Manual,5,1016642,2024,18601,6.9,351,80,https://www.vw.com.tr/content/dam/vw-ngw/vw_pkw/importers/tr/modeller/yeni-polo/yeni-polo-hero-1920x1080.jpg,"ABS, ESP, Bluetooth, Klima, Manuel Vites",857985;890680;917554;963276;993494;1016642
153,Cupra,Formentor,SUV,Petrol,Automatic,5,1718154,2020,77111,9.0,450,190,https://www.cupraofficial.com.tr/content/dam/cupra/turkey/models/formentor/heros/formentor-hero-1920x1080.jpg,"ABS, ESP, Bluetooth, Klima, Sunroof, Deri Koltuk, Şerit Takip, Geri Görüş Kamerası, Otomatik Vites",1471354;1529392;1566093;1629101;1664651;1718154
154,Opel,Corsa,Hatchback,Petrol,Automatic,5,1207500,2025,4529,6.8,309,100,https://www.opel.com.tr/content/dam/opel/turkey/models/corsa/heros/corsa-hero-1920x1080.jpg,"ABS, ESP, Bluetooth, Klima, Otomatik Vites",1031382;1056119;1104172;1131248;1162208;1207500
155,Toyota,Corolla,Sedan,Hybrid,Automatic,5,1608670,2024,6740,5.3,471,140,https://www.toyota.com.tr/content/dam/toyota/turkey/models/corolla-sedan/heros/corolla-sedan-hero-1920x1080.jpg,"ABS, ESP, Bluetooth, Klima, Sunroof, Deri Koltuk, Şerit Takip, Geri Görüş Kamerası, Otomatik Vites, Hibrit Motor",1324905;1374311;1441416;1492443;1535714;1608670
156,Chery,Tiggo 8 Pro,SUV,Petrol,Automatic,7,1330673,2019,103625,9.6,479,183,https://chery.com.tr/assets/img/models/tiggo8pro/tiggo8pro-hero.jpg,"ABS, ESP, Bluetooth, Klima, Otomatik Vites",1109750;1156738;1197713;1224475;1283161;1330673
157,Renault,Megane,Sedan,Diesel,Automatic,5,1145976,2020,82568,6.1,550,115,https://www.auto-data.net/images/f99/Renault-Megane-IV-Sedan-facelift-2020.jpg,"ABS, ESP, Bluetooth, Klima, Otomatik Vites",953382;994139;1027878;1074506;1101550;1145976
158,Fiat,Egea Cross,SUV,Hybrid,Automatic,5,1190845,2023,32502,6.5,440,130,https://img.paratic.com/dosya/2021/01/yeni-fiat-egea-cross-ozellikleri-fiyati.jpg,"ABS, ESP, Bluetooth, Klima, Otomatik Vites, Hibrit Motor",996558;1029693;1059863;1112354;1150120;1190845
159,Opel,Mokka,SUV,Petrol,Automatic,5,1416591,2022,42975,7.2,350,130,https://www.opel.com.tr/content/dam/opel/turkey/models/mokka/heros/mokka-hero-1920x1080.jpg,"ABS, ESP, Bluetooth, Klima, Sunroof, Deri Koltuk, Şerit Takip, Geri Görüş Kamerası, Otomatik Vites",1230808;1257339;1283582;1311991;1370866;1416591
160,MG,MG4,Hatchback,Electric,Automatic,5,1263181,2022,51524,17.5,363,170,https://www.mg-turkey.com/assets/img/models/mg4/mg4-hero.jpg,"ABS, ESP, Bluetooth, Klima, Otomatik Vites",1065501;1113990;1146068;1193483;1222599;1263181
161,Renault,Clio,Hatchback,Petrol,Automatic,5,1088931,2024,9290,6.9,391,90,https://cdn.motor1.com/images/mgl/2N2J3/s1/2020-renault-clio-e-tech.jpg,"ABS, ESP, Bluetooth, Klima, Otomatik Vites",917472;949112;994795;1016139;1039194;1088931
162,Ford,Kuga,SUV,Petrol,Automatic,5,1472125,2018,123973,8.3,515,180,https://www.ford.com.tr/content/dam/guxeu/tr/vehicle-images/kuga/2020/Showroom/ford-kuga-showroom-gallery-1.jpg,"ABS, ESP, Bluetooth, Klima, Sunroof, Deri Koltuk, Şerit Takip, Geri Görüş Kamerası, Otomatik Vites",1260685;1292588;1326684;1374426;1405003;1472125
163,Audi,A3 Sportback,Hatchback,Petrol,Automatic,5,1479231,2020,95245,7.3,380,150,https://mediaservice.audi.com/media/live/50900/fly1400x601n1/8yar/2021.png,"ABS, ESP, Bluetooth, Klima, Sunroof, Deri Koltuk, Şerit Takip, Geri Görüş Kamerası, Otomatik Vites",1265734;1313378;1345731;1397479;1428928;1479231
164,Togg,T10X V2,SUV,Electric,Automatic,5,1133502,2019,104459,18.4,441,218,https://im.haberturk.com/2023/03/14/ver1678809605/3573523_810x458.jpg,"ABS, ESP, Bluetooth, Klima, Otomatik Vites",973015;1012631;1033007;1055877;1094493;1133502
165,Hyundai,i20,Hatchback,Petrol,Automatic,5,1155000,2025,2756,7.4,352,100,https://www.hyundai.com/content/dam/hyundai/tr/tr/models/i20/2021/gallery/i20-gallery-1.jpg,"ABS, ESP, Bluetooth, Klima, Otomatik Vites",966365;1003140;1025001;1065793;1105134;1155000
166,Citroen,C4,Hatchback,Petrol,Automatic,5,998363,2020,54504,7.1,380,130,https://www.citroen.com.tr/content/dam/citroen/turkey/models/c4/heros/c4-hero-1920x1080.jpg,"ABS, ESP, Bluetooth, Klima, Otomatik Vites",836768;867329;897195;927334;955891;998363
167,Chery,Tiggo 7 Pro,SUV,Petrol,Automatic,5,1017911,2018,120528,10.1,475,183,https://chery.com.tr/assets/img/models/tiggo7pro/tiggo7pro-hero.jpg,"ABS, ESP, Bluetooth, Klima, Otomatik Vites",841943;878976;919490;953179;997208;1017911
168,MG,ZS,SUV,Petrol,Automatic,5,1417500,2025,1998,8.3,448,111,https://www.mg-turkey.com/assets/img/models/zs/zs-hero.jpg,"ABS, ESP, Bluetooth, Klima, Otomatik Vites",1197695;1227352;1284883;1318523;1371323;1417500
169,Toyota,Corolla,Sedan,Hybrid,Automatic,5,1495961,2023,37838,5.3,471,140,https://www.toyota.com.tr/content/dam/toyota/turkey/models/corolla-sedan/heros/corolla-sedan-hero-1920x1080.jpg,"ABS, ESP, Bluetooth, Klima, Otomatik Vites, Hibrit Motor",1251030;1293136;1342469;1387521;1450835;1495961
170,Kia,Sportage,SUV,Hybrid,Automatic,5,1669699,2021,66742,7.1,591,150,https://www.kia.com/content/dam/kia/tr/tr/models/sportage/heros/sportage-hero-1920x1080.jpg,"ABS, ESP, Bluetooth, Klima, Sunroof, Deri Koltuk, Şerit Takip, Geri Görüş Kamerası, Otomatik Vites, Hibrit Motor",1407921;1478194;1520293;1566470;1633187;1669699
171,Skoda,Superb,Sedan,Petrol,Automatic,5,1654368,2019,87007,8.0,625,150,https://az749841.vo.msecnd.net/sitestr/al/5f/c7/e9/8b/50/41/43/8b/5f/0d/1c/6b/6a/5f/9c/Skoda-Superb-Sedan-2020.jpg,"ABS, ESP, Bluetooth, Klima, Sunroof, Deri Koltuk, Şerit Takip, Geri Görüş Kamerası, Otomatik Vites",1388797;1430189;1495028;1563836;1605599;1654368
172,Audi,A4 Sedan,Sedan,Diesel,Automatic,5,2576116,2022,43001,6.4,460,204,https://mediaservice.audi.com/media/live/50900/fly1400x601n1/8wc/2021.png,"ABS, ESP, Bluetooth, Klima, Sunroof, Deri Koltuk, Şerit Takip, Geri Görüş Kamerası, Otonom Sürüş, 360 Kamera, Isıtmalı Koltuklar, Hayalet Ekran, Otomatik Vites",2150951;2246451;2341092;2398365;2515723;2576116
173,Hyundai,i20 (Manuel),Hatchback,Petrol,Manual,5,1029000,2025,1113,7.4,352,84,https://www.hyundai.com/content/dam/hyundai/tr/tr/models/i20/2021/gallery/i20-gallery-1.jpg,"ABS, ESP, Bluetooth, Klima, Manuel Vites",844898;880441;922354;966911;1008184;1029000
174,Renault,Megane,Sedan,Diesel,Automatic,5,1481384,2024,21272,6.1,550,115,https://www.auto-data.net/images/f99/Renault-Megane-IV-Sedan-facelift-2020.jpg,"ABS, ESP, Bluetooth, Klima, Otomatik Vites",1196527;1233131;1294648;1352811;1416529;1481384
175,Fiat,Egea Cross,SUV,Hybrid,Automatic,5,1163896,2023,20700,6.5,440,130,https://img.paratic.com/dosya/2021/01/yeni-fiat-egea-cross-ozellikleri-fiyati.jpg,"ABS, ESP, Bluetooth, Klima, Otomatik Vites, Hibrit Motor",973016;1003358;1043765;1089729;1132089;1163896
176,Citroen,C3,Hatchback,Petrol,Manual,5,590953,2019,66411,7.0,300,83,https://www.citroen.com.tr/content/dam/citroen/turkey/models/c3/heros/c3-hero-1920x1080.jpg,"ABS, ESP, Bluetooth, Klima, Manuel Vites",502442;522678;538250;554361;579042;590953
177,Toyota,Corolla,Sedan,Hybrid,Automatic,5,1459856,2023,42658,5.3,471,140,https://www.toyota.com.tr/content/dam/toyota/turkey/models/corolla-sedan/heros/corolla-sedan-hero-1920x1080.jpg,"ABS, ESP, Bluetooth, Klima, Otomatik Vites, Hibrit Motor",1213968;1262024;1314168;1347631;1414512;1459856
178,Peugeot,2008,SUV,Petrol,Automatic,5,1099064,2020,55532,7.3,434,130,https://www.peugeot.com.tr/content/dam/peugeot/turkey/models/2008/heros/2008-hero-1920x1080.jpg,"ABS, ESP, Bluetooth, Klima, Otomatik Vites",905052;930279;957222;1001893;1047121;1099064
179,Volvo,XC40,SUV,Hybrid,Automatic,5,2506544,2022,48871,8.0,452,163,https://www.volvocars.com/images/v/16x9/c7/6f/c76f2b7a-8b8a-4b7a-9c7a-9c7a9c7a9c7a/xc40-hero-1920x1080.jpg,"ABS, ESP, Bluetooth, Klima, Sunroof, Deri Koltuk, Şerit Takip, Geri Görüş Kamerası, Otonom Sürüş, 360 Kamera, Isıtmalı Koltuklar, Hayalet Ekran, Otomatik Vites, Hibrit Motor",2157757;2236642;2308012;2357782;2426452;2506544
180,Skoda,Octavia,Sedan,Hybrid,Automatic,5,1942500,2025,3129,5.8,600,150,https://az749841.vo.msecnd.net/sitestr/al/5f/c7/e9/8b/50/41/43/8b/5f/0d/1c/6b/6a/5f/9c/Skoda-Octavia-Sedan-2020.jpg,"ABS, ESP, Bluetooth, Klima, Sunroof, Deri Koltuk, Şerit Takip, Geri Görüş Kamerası, Otomatik Vites, Hibrit Motor",1597781;1645483;1722191;1779564;1851730;1942500
181,Renault,Taliant,Sedan,Petrol,Manual,5,945000,2025,3882,7.1,628,65,https://cdn.motor1.com/images/mgl/1Z1Z3/s1/renault-taliant.jpg,"ABS, ESP, Bluetooth, Klima, Manuel Vites",786394;822908;842397;870169;902980;945000
182,MG,MG4,Hatchback,Electric,Automatic,5,1059111,2020,60188,17.5,363,170,https://www.mg-turkey.com/assets/img/models/mg4/mg4-hero.jpg,"ABS, ESP, Bluetooth, Klima, Otomatik Vites",904302;931157;956403;995380;1037215;1059111
183,Peugeot,2008,SUV,Petrol,Automatic,5,1318961,2022,51779,7.3,434,130,https://www.peugeot.com.tr/content/dam/peugeot/turkey/models/2008/heros/2008-hero-1920x1080.jpg,"ABS, ESP, Bluetooth, Klima, Otomatik Vites",1129855;1158668;1190339;1230682;1280163;1318961
184,Toyota,Corolla,Sedan,Hybrid,Automatic,5,1268440,2021,59881,5.3,471,140,https://www.toyota.com.tr/content/dam/toyota/turkey/models/corolla-sedan/heros/corolla-sedan-hero-1920x1080.jpg,"ABS, ESP, Bluetooth, Klima, Otomatik Vites, Hibrit Motor",1115648;1148435;1175739;1201616;1228241;1268440
185,Renault,Megane,Sedan,Diesel,Automatic,5,1428055,2023,35955,6.1,550,115,https://www.auto-data.net/images/f99/Renault-Megane-IV-Sedan-facelift-2020.jpg,"ABS, ESP, Bluetooth, Klima, Otomatik Vites",1203528;1242556;1295422;1323747;1372390;1428055
186,Hyundai,i20 (Manuel),Hatchback,Petrol,Manual,5,762677,2021,77999,7.4,352,84,https://www.hyundai.com/content/dam/hyundai/tr/tr/models/i20/2021/gallery/i20-gallery-1.jpg,"ABS, ESP, Bluetooth, Klima, Manuel Vites",633196;664719;679999;710733;737512;762677
187,Toyota,C-HR,SUV,Hybrid,Automatic,5,1376582,2020,66163,5.5,377,140,https://www.toyota.com.tr/content/dam/toyota/turkey/models/c-hr/heros/c-hr-hero-1920x1080.jpg,"ABS, ESP, Bluetooth, Klima, Sunroof, Deri Koltuk, Şerit Takip, Geri Görüş Kamerası, Otomatik Vites, Hibrit Motor",1134056;1187842;1214016;1269704;1312785;1376582
188,Ford,Kuga,SUV,Petrol,Automatic,5,1581228,2019,81006,8.3,515,180,https://www.ford.com.tr/content/dam/guxeu/tr/vehicle-images/kuga/2020/Showroom/ford-kuga-showroom-gallery-1.jpg,"ABS, ESP, Bluetooth, Klima, Sunroof, Deri Koltuk, Şerit Takip, Geri Görüş Kamerası, Otomatik Vites",1322477;1364817;1395464;1453578;1521548;1581228
189,Mercedes,C200,Sedan,Diesel,Automatic,5,3780000,2025,1828,6.3,455,163,https://www.mercedes-benz.com.tr/passengercars/models/saloon/c-class/overview/_jcr_content/contentgallerycontainer/par/contentgallery/par/contentgallerytile/image.MQ6.8.20210629140458.jpeg,"ABS, ESP, Bluetooth, Klima, Sunroof, Deri Koltuk, Şerit Takip, Geri Görüş Kamerası, Otonom Sürüş, 360 Kamera, Isıtmalı Koltuklar, Hayalet Ekran, Otomatik Vites",3301674;3370712;3493924;3564616;3667942;3780000
190,Citroen,C3,Hatchback,Petrol,Manual,5,858049,2024,9104,7.0,300,83,https://www.citroen.com.tr/content/dam/citroen/turkey/models/c3/heros/c3-hero-1920x1080.jpg,"ABS, ESP, Bluetooth, Klima, Manuel Vites",715910;747112;772419;798870;834793;858049
191,Skoda,Kamiq,SUV,Petrol,Automatic,5,1091944,2018,108994,7.4,400,115,https://az749841.vo.msecnd.net/sitestr/al/5f/c7/e9/8b/50/41/43/8b/5f/0d/1c/6b/6a/5f/9c/Skoda-Kamiq-SUV-2020.jpg,"ABS, ESP, Bluetooth, Klima, Otomatik Vites",921033;939722;980313;1013152;1047781;1091944
192,Kia,Sportage,SUV,Hybrid,Automatic,5,1966087,2022,44855,7.1,591,150,https://www.kia.com/content/dam/kia/tr/tr/models/sportage/heros/sportage-hero-1920x1080.jpg,"ABS, ESP, Bluetooth, Klima, Sunroof, Deri Koltuk, Şerit Takip, Geri Görüş Kamerası, Otomatik Vites, Hibrit Motor",1643108;1687610;1726388;1807268;1886432;1966087
193,Ford,Kuga,SUV,Petrol,Automatic,5,2043246,2024,13684,8.3,515,180,https://www.ford.com.tr/content/dam/guxeu/tr/vehicle-images/kuga/2020/Showroom/ford-kuga-showroom-gallery-1.jpg,"ABS, ESP, Bluetooth, Klima, Sunroof, Deri Koltuk, Şerit Takip, Geri Görüş Kamerası, Otomatik Vites",1675461;1740062;1784003;1866755;1949193;2043246
194,Cupra,Formentor,SUV,Petrol,Automatic,5,1388663,2018,77387,9.0,450,190,https://www.cupraofficial.com.tr/content/dam/cupra/turkey/models/formentor/heros/formentor-hero-1920x1080.jpg,"ABS, ESP, Bluetooth, Klima, Sunroof, Deri Koltuk, Şerit Takip, Geri Görüş Kamerası, Otomatik Vites",1143617;1175209;1231176;1281788;1332771;1388663
195,Volvo,XC40,SUV,Hybrid,Automatic,5,2078756,2019,88728,8.0,452,163,https://www.volvocars.com/images/v/16x9/c7/6f/c76f2b7a-8b8a-4b7a-9c7a-9c7a9c7a9c7a/xc40-hero-1920x1080.jpg,"ABS, ESP, Bluetooth, Klima, Sunroof, Deri Koltuk, Şerit Takip, Geri Görüş Kamerası, Otonom Sürüş, 360 Kamera, Isıtmalı Koltuklar, Hayalet Ekran, Otomatik Vites, Hibrit Motor",1755240;1812034;1893692;1973558;2022089;2078756
196,Audi,Q3,SUV,Petrol,Automatic,5,2564414,2023,28854,8.7,530,150,https://mediaservice.audi.com/media/live/50900/fly1400x601n1/f3b/2021.png,"ABS, ESP, Bluetooth, Klima, Sunroof, Deri Koltuk, Şerit Takip, Geri Görüş Kamerası, Otonom Sürüş, 360 Kamera, Isıtmalı Koltuklar, Hayalet Ekran, Otomatik Vites",2175197;2246497;2302034;2404046;2509956;2564414
197,Renault,Taliant,Sedan,Petrol,Manual,5,770727,2023,35800,7.1,628,65,https://cdn.motor1.com/images/mgl/1Z1Z3/s1/renault-taliant.jpg,"ABS, ESP, Bluetooth, Klima, Manuel Vites",642002;661948;693044;723872;747367;770727
198,Nissan,Qashqai,SUV,Hybrid,Automatic,5,1404195,2019,73472,6.7,504,158,https://www-europe.nissan-cdn.net/content/dam/Nissan/tr/vehicles/qashqai/product_code/product_page/Performance/Nissan_Qashqai_2021_Performance_Desktop.jpg,"ABS, ESP, Bluetooth, Klima, Sunroof, Deri Koltuk, Şerit Takip, Geri Görüş Kamerası, Otomatik Vites, Hibrit Motor",1232667;1264487;1302858;1338916;1369775;1404195
199,Renault,Austral,SUV,Hybrid,Automatic,5,1337111,2019,94042,6.3,500,200,https://cdn.motor1.com/images/mgl/Akkkko/s1/renault-austral-2022.jpg,"ABS, ESP, Bluetooth, Klima, Otomatik Vites, Hibrit Motor",1080478;1118969;1170297;1218092;1276587;1337111
200,Nissan,Juke,SUV,Petrol,Automatic,5,1680000,2025,2227,7.6,422,115,https://www-europe.nissan-cdn.net/content/dam/Nissan/tr/vehicles/juke/product_code/product_page/Performance/Nissan_Juke_2020_Performance_Desktop.jpg,"ABS, ESP, Bluetooth, Klima, Sunroof, Deri Koltuk, Şerit Takip, Geri Görüş Kamerası, Otomatik Vites",1442243;1474040;1503548;1569157;1613460;1680000
201,Mercedes,C200,Sedan,Diesel,Automatic,5,2936988,2022,43295,6.3,455,163,https://www.mercedes-benz.com.tr/passengercars/models/saloon/c-class/overview/_jcr_content/contentgallerycontainer/par/contentgallery/par/contentgallerytile/image.MQ6.8.20210629140458.jpeg,"ABS, ESP, Bluetooth, Klima, Sunroof, Deri Koltuk, Şerit Takip, Geri Görüş Kamerası, Otonom Sürüş, 360 Kamera, Isıtmalı Koltuklar, Hayalet Ekran, Otomatik Vites",2448987;2560970;2653369;2706791;2828407;2936988
202,Peugeot,2008,SUV,Petrol,Automatic,5,1317756,2022,39185,7.3,434,130,https://www.peugeot.com.tr/content/dam/peugeot/turkey/models/2008/heros/2008-hero-1920x1080.jpg,"ABS, ESP, Bluetooth, Klima, Otomatik Vites",1147041;1173476;1213235;1239413;1268661;1317756
203,Mercedes,C200,Sedan,Diesel,Automatic,5,2590398,2019,110372,6.3,455,163,https://www.mercedes-benz.com.tr/passengercars/models/saloon/c-class/overview/_jcr_content/contentgallerycontainer/par/contentgallery/par/contentgallerytile/image.MQ6.8.20210629140458.jpeg,"ABS, ESP, Bluetooth, Klima, Sunroof, Deri Koltuk, Şerit Takip, Geri Görüş Kamerası, Otonom Sürüş, 360 Kamera, Isıtmalı Koltuklar, Hayalet Ekran, Otomatik Vites",2166351;2260558;2334941;2437812;2536420;2590398
204,Renault,Austral,SUV,Hybrid,Automatic,5,1174419,2018,69534,6.3,500,200,https://cdn.motor1.com/images/mgl/Akkkko/s1/renault-austral-2022.jpg,"ABS, ESP, Bluetooth, Klima, Otomatik Vites, Hibrit Motor",991061;1012583;1055148;1099848;1138133;1174419
205,Ford,Puma,SUV,Hybrid,Automatic,5,1551543,2024,15727,6.9,456,125,https://www.ford.com.tr/content/dam/guxeu/tr/vehicle-images/puma/2020/Showroom/ford-puma-showroom-gallery-1.jpg,"ABS, ESP, Bluetooth, Klima, Otomatik Vites, Hibrit Motor",1295740;1338104;1399442;1433888;1493343;1551543
206,Skoda,Octavia,Sedan,Hybrid,Automatic,5,1653717,2023,28606,5.8,600,150,https://az749841.vo.msecnd.net/sitestr/al/5f/c7/e9/8b/50/41/43/8b/5f/0d/1c/6b/6a/5f/9c/Skoda-Octavia-Sedan-2020.jpg,"ABS, ESP, Bluetooth, Klima, Sunroof, Deri Koltuk, Şerit Takip, Geri Görüş Kamerası, Otomatik Vites, Hibrit Motor",1347075;1405732;1468936;1536037;1580477;1653717
207,Opel,Mokka,SUV,Petrol,Automatic,5,1785000,2025,4321,7.2,350,130,https://www.opel.com.tr/content/dam/opel/turkey/models/mokka/heros/mokka-hero-1920x1080.jpg,"ABS, ESP, Bluetooth, Klima, Sunroof, Deri Koltuk, Şerit Takip, Geri Görüş Kamerası, Otomatik Vites",1489151;1557357;1614051;1689367;1748136;1785000
208,Cupra,Formentor,SUV,Petrol,Automatic,5,2177255,2024,20903,9.0,450,190,https://www.cupraofficial.com.tr/content/dam/cupra/turkey/models/formentor/heros/formentor-hero-1920x1080.jpg,"ABS, ESP, Bluetooth, Klima, Sunroof, Deri Koltuk, Şerit Takip, Geri Görüş Kamerası, Otomatik Vites",1846317;1906444;1945948;2030644;2111997;2177255
209,Kia,Sportage,SUV,Hybrid,Automatic,5,1681373,2021,72110,7.1,591,150,https://www.kia.com/content/dam/kia/tr/tr/models/sportage/heros/sportage-hero-1920x1080.jpg,"ABS, ESP, Bluetooth, Klima, Sunroof, Deri Koltuk, Şerit Takip, Geri Görüş Kamerası, Otomatik Vites, Hibrit Motor",1429516;1487570;1533762;1581236;1624858;1681373
210,Opel,Corsa,Hatchback,Petrol,Automatic,5,974089,2023,43005,6.8,309,100,https://www.opel.com.tr/content/dam/opel/turkey/models/corsa/heros/corsa-hero-1920x1080.jpg,"ABS, ESP, Bluetooth, Klima, Otomatik Vites",850829;878950;904642;930787;950728;974089
211,Volkswagen,Golf,Hatchback,Petrol,Automatic,5,1313733,2020,85855,6.9,381,150,https://www.vw.com.tr/content/dam/vw-ngw/vw_pkw/importers/tr/modeller/yeni-golf/yeni-golf-hero-1920x1080.jpg,"ABS, ESP, Bluetooth, Klima, Otomatik Vites",1090345;1138536;1187621;1243072;1285619;1313733
212,BMW,320i,Sedan,Petrol,Automatic,5,3230055,2024,19902,8.8,480,170,https://www.bmw.com.tr/content/dam/bmw/common/all-models/3-series/sedan/2018/navigation/bmw-3-series-sedan-model-overview-guide-segment-01-01.jpg,"ABS, ESP, Bluetooth, Klima, Sunroof, Deri Koltuk, Şerit Takip, Geri Görüş Kamerası, Otonom Sürüş, 360 Kamera, Isıtmalı Koltuklar, Hayalet Ekran, Otomatik Vites",2667272;2766980;2871913;3015210;3079441;3230055
213,Peugeot,3008,SUV,Diesel,Automatic,5,1960714,2024,11551,6.4,520,130,https://www.peugeot.com.tr/content/dam/peugeot/turkey/models/3008/heros/3008-hero-1920x1080.jpg,"ABS, ESP, Bluetooth, Klima, Sunroof, Deri Koltuk, Şerit Takip, Geri Görüş Kamerası, Otomatik Vites",1716243;1767755;1806048;1854839;1908400;1960714
214,Fiat,Egea Cross,SUV,Hybrid,Automatic,5,1270756,2024,23960,6.5,440,130,https://img.paratic.com/dosya/2021/01/yeni-fiat-egea-cross-ozellikleri-fiyati.jpg,"ABS, ESP, Bluetooth, Klima, Otomatik Vites, Hibrit Motor",1051269;1074763;1124859;1176533;1224517;1270756
215,Seat,Leon,Hatchback,Petrol,Automatic,5,1477759,2024,18500,7.3,380,110,https://www.seat.com.tr/content/dam/seat/turkey/models/leon/heros/leon-hero-1920x1080.jpg,"ABS, ESP, Bluetooth, Klima, Otomatik Vites",1261828;1307621;1337951;1400914;1442663;1477759
216,Honda,Civic,Sedan,Petrol,Automatic,5,1108557,2018,105723,8.0,519,182,https://www.honda.com.tr/assets/img/models/civic-sedan/civic-sedan-hero.jpg,"ABS, ESP, Bluetooth, Klima, Otomatik Vites",926339;964241;997634;1036433;1059112;1108557
217,Cupra,Formentor,SUV,Petrol,Automatic,5,2066873,2023,29094,9.0,450,190,https://www.cupraofficial.com.tr/content/dam/cupra/turkey/models/formentor/heros/formentor-hero-1920x1080.jpg,"ABS, ESP, Bluetooth, Klima, Sunroof, Deri Koltuk, Şerit Takip, Geri Görüş Kamerası, Otomatik Vites",1713352;1769142;1840486;1912604;2005204;2066873
218,Peugeot,3008,SUV,Diesel,Automatic,5,1860625,2023,23511,6.4,520,130,https://www.peugeot.com.tr/content/dam/peugeot/turkey/models/3008/heros/3008-hero-1920x1080.jpg,"ABS, ESP, Bluetooth, Klima, Sunroof, Deri Koltuk, Şerit Takip, Geri Görüş Kamerası, Otomatik Vites",1574516;1635271;1674458;1738452;1782932;1860625
219,Audi,A3 Sportback,Hatchback,Petrol,Automatic,5,1350190,2018,78971,7.3,380,150,https://mediaservice.audi.com/media/live/50900/fly1400x601n1/8yar/2021.png,"ABS, ESP, Bluetooth, Klima, Sunroof, Deri Koltuk, Şerit Takip, Geri Görüş Kamerası, Otomatik Vites",1128950;1182761;1213533;1255484;1314232;1350190
220,Citroen,C3,Hatchback,Petrol,Manual,5,536008,2018,87272,7.0,300,83,https://www.citroen.com.tr/content/dam/citroen/turkey/models/c3/heros/c3-hero-1920x1080.jpg,"ABS, ESP, Bluetooth, Klima, Manuel Vites",454222;469024;480583;503709;518649;536008
221,Peugeot,2008,SUV,Petrol,Automatic,5,1313451,2021,73519,7.3,434,130,https://www.peugeot.com.tr/content/dam/peugeot/turkey/models/2008/heros/2008-hero-1920x1080.jpg,"ABS, ESP, Bluetooth, Klima, Otomatik Vites",1085391;1132564;1175630;1221074;1274781;1313451
222,Nissan,Qashqai,SUV,Hybrid,Automatic,5,1664194,2022,57625,6.7,504,158,https://www-europe.nissan-cdn.net/content/dam/Nissan/tr/vehicles/qashqai/product_code/product_page/Performance/Nissan_Qashqai_2021_Performance_Desktop.jpg,"ABS, ESP, Bluetooth, Klima, Sunroof, Deri Koltuk, Şerit Takip, Geri Görüş Kamerası, Otomatik Vites, Hibrit Motor",1424147;1476224;1514497;1548876;1624739;1664194
223,Skoda,Octavia,Sedan,Hybrid,Automatic,5,1532098,2022,26417,5.8,600,150,https://az749841.vo.msecnd.net/sitestr/al/5f/c7/e9/8b/50/41/43/8b/5f/0d/1c/6b/6a/5f/9c/Skoda-Octavia-Sedan-2020.jpg,"ABS, ESP, Bluetooth, Klima, Sunroof, Deri Koltuk, Şerit Takip, Geri Görüş Kamerası, Otomatik Vites, Hibrit Motor",1268364;1306727;1371213;1437260;1475672;1532098
224,Volkswagen,Polo (Manuel),Hatchback,Petrol,Manual,5,859454,2022,38203,6.9,351,80,https://www.vw.com.tr/content/dam/vw-ngw/vw_pkw/importers/tr/modeller/yeni-polo/yeni-polo-hero-1920x1080.jpg,"ABS, ESP, Bluetooth, Klima, Manuel Vites",733362;750205;779929;813324;832221;859454
225,Volkswagen,Polo (Manuel),Hatchback,Petrol,Manual,5,771318,2019,111011,6.9,351,80,https://www.vw.com.tr/content/dam/vw-ngw/vw_pkw/importers/tr/modeller/yeni-polo/yeni-polo-hero-1920x1080.jpg,"ABS, ESP, Bluetooth, Klima, Manuel Vites",649352;665611;686914;714766;735866;771318
226,Kia,Sportage,SUV,Hybrid,Automatic,5,2016834,2023,19961,7.1,591,150,https://www.kia.com/content/dam/kia/tr/tr/models/sportage/heros/sportage-hero-1920x1080.jpg,"ABS, ESP, Bluetooth, Klima, Sunroof, Deri Koltuk, Şerit Takip, Geri Görüş Kamerası, Otomatik Vites, Hibrit Motor",1743458;1805899;1844249;1908413;1972561;2016834
227,Dacia,Duster,SUV,Diesel,Manual,5,788824,2019,76625,6.4,475,115,https://cdn.motor1.com/images/mgl/6ZZ6L/s1/dacia-duster-2022.jpg,"ABS, ESP, Bluetooth, Klima, Manuel Vites",681960;696570;721979;753554;771838;788824
228,Renault,Taliant,Sedan,Petrol,Manual,5,854827,2024,16286,7.1,628,65,https://cdn.motor1.com/images/mgl/1Z1Z3/s1/renault-taliant.jpg,"ABS, ESP, Bluetooth, Klima, Manuel Vites",711679;741131;774956;801256;820674;854827
229,Nissan,Qashqai,SUV,Hybrid,Automatic,5,1314112,2019,69554,6.7,504,158,https://www-europe.nissan-cdn.net/content/dam/Nissan/tr/vehicles/qashqai/product_code/product_page/Performance/Nissan_Qashqai_2021_Performance_Desktop.jpg,"ABS, ESP, Bluetooth, Klima, Otomatik Vites, Hibrit Motor",1120146;1146850;1173166;1222145;1268693;1314112
230,Citroen,C3,Hatchback,Petrol,Manual,5,966000,2025,464,7.0,300,83,https://www.citroen.com.tr/content/dam/citroen/turkey/models/c3/heros/c3-hero-1920x1080.jpg,"ABS, ESP, Bluetooth, Klima, Manuel Vites",801410;837652;873154;906087;933474;966000
231,Toyota,Corolla,Sedan,Hybrid,Automatic,5,1229772,2020,73677,5.3,471,140,https://www.toyota.com.tr/content/dam/toyota/turkey/models/corolla-sedan/heros/corolla-sedan-hero-1920x1080.jpg,"ABS, ESP, Bluetooth, Klima, Otomatik Vites, Hibrit Motor",1004435;1050505;1098626;1146731;1178138;1229772
232,Chery,Tiggo 7 Pro,SUV,Petrol,Automatic,5,1347286,2022,36293,10.1,475,183,https://chery.com.tr/assets/img/models/tiggo7pro/tiggo7pro-hero.jpg,"ABS, ESP, Bluetooth, Klima, Otomatik Vites",1140695;1168481;1200206;1259786;1310637;1347286
233,Dacia,Duster,SUV,Diesel,Manual,5,1029298,2022,47349,6.4,475,115,https://cdn.motor1.com/images/mgl/6ZZ6L/s1/dacia-duster-2022.jpg,"ABS, ESP, Bluetooth, Klima, Manuel Vites",857637;876708;909461;954313;1000052;1029298
234,Volkswagen,Golf,Hatchback,Petrol,Automatic,5,1406771,2021,44028,6.9,381,150,https://www.vw.com.tr/content/dam/vw-ngw/vw_pkw/importers/tr/modeller/yeni-golf/yeni-golf-hero-1920x1080.jpg,"ABS, ESP, Bluetooth, Klima, Sunroof, Deri Koltuk, Şerit Takip, Geri Görüş Kamerası, Otomatik Vites",1154435;1209619;1268186;1312680;1351509;1406771
235,Peugeot,2008,SUV,Petrol,Automatic,5,1371693,2022,36695,7.3,434,130,https://www.peugeot.com.tr/content/dam/peugeot/turkey/models/2008/heros/2008-hero-1920x1080.jpg,"ABS, ESP, Bluetooth, Klima, Sunroof, Deri Koltuk, Şerit Takip, Geri Görüş Kamerası, Otomatik Vites",1138104;1175728;1221000;1281226;1337556;1371693
236,Skoda,Superb,Sedan,Petrol,Automatic,5,2415003,2024,20216,8.0,625,150,https://az749841.vo.msecnd.net/sitestr/al/5f/c7/e9/8b/50/41/43/8b/5f/0d/1c/6b/6a/5f/9c/Skoda-Superb-Sedan-2020.jpg,"ABS, ESP, Bluetooth, Klima, Sunroof, Deri Koltuk, Şerit Takip, Geri Görüş Kamerası, Otonom Sürüş, 360 Kamera, Isıtmalı Koltuklar, Hayalet Ekran, Otomatik Vites",2036740;2089346;2152809;2217651;2300784;2415003
237,Cupra,Formentor,SUV,Petrol,Automatic,5,2168634,2024,10314,9.0,450,190,https://www.cupraofficial.com.tr/content/dam/cupra/turkey/models/formentor/heros/formentor-hero-1920x1080.jpg,"ABS, ESP, Bluetooth, Klima, Sunroof, Deri Koltuk, Şerit Takip, Geri Görüş Kamerası, Otomatik Vites",1843840;1935736;1980155;2025585;2081672;2168634
238,Nissan,Juke,SUV,Petrol,Automatic,5,1192250,2021,43646,7.6,422,115,https://www-europe.nissan-cdn.net/content/dam/Nissan/tr/vehicles/juke/product_code/product_page/Performance/Nissan_Juke_2020_Performance_Desktop.jpg,"ABS, ESP, Bluetooth, Klima, Otomatik Vites",1011973;1045259;1071773;1120345;1159046;1192250
239,Citroen,C4,Hatchback,Petrol,Automatic,5,1246658,2022,42144,7.1,380,130,https://www.citroen.com.tr/content/dam/citroen/turkey/models/c4/heros/c4-hero-1920x1080.jpg,"ABS, ESP, Bluetooth, Klima, Otomatik Vites",1079689;1111293;1147959;1179888;1204007;1246658
240,Chery,Tiggo 7 Pro,SUV,Petrol,Automatic,5,1339771,2021,66833,10.1,475,183,https://chery.com.tr/assets/img/models/tiggo7pro/tiggo7pro-hero.jpg,"ABS, ESP, Bluetooth, Klima, Otomatik Vites",1096377;1143000;1172668;1224079;1284382;1339771
241,Nissan,Qashqai,SUV,Hybrid,Automatic,5,1846384,2023,44606,6.7,504,158,https://www-europe.nissan-cdn.net/content/dam/Nissan/tr/vehicles/qashqai/product_code/product_page/Performance/Nissan_Qashqai_2021_Performance_Desktop.jpg,"ABS, ESP, Bluetooth, Klima, Sunroof, Deri Koltuk, Şerit Takip, Geri Görüş Kamerası, Otomatik Vites, Hibrit Motor",1542222;1576342;1638352;1692676;1760606;1846384
242,Volkswagen,Polo (Manuel),Hatchback,Petrol,Manual,5,807347,2021,44911,6.9,351,80,https://www.vw.com.tr/content/dam/vw-ngw/vw_pkw/importers/tr/modeller/yeni-polo/yeni-polo-hero-1920x1080.jpg,"ABS, ESP, Bluetooth, Klima, Manuel Vites",688447;719726;735670;751507;775927;807347
243,Kia,Sportage,SUV,Hybrid,Automatic,5,1669503,2021,81393,7.1,591,150,https://www.kia.com/content/dam/kia/tr/tr/models/sportage/heros/sportage-hero-1920x1080.jpg,"ABS, ESP, Bluetooth, Klima, Sunroof, Deri Koltuk, Şerit Takip, Geri Görüş Kamerası, Otomatik Vites, Hibrit Motor",1392090;1442328;1512760;1543544;1604516;1669503
244,Skoda,Kamiq,SUV,Petrol,Automatic,5,1337681,2022,39351,7.4,400,115,https://az749841.vo.msecnd.net/sitestr/al/5f/c7/e9/8b/50/41/43/8b/5f/0d/1c/6b/6a/5f/9c/Skoda-Kamiq-SUV-2020.jpg,"ABS, ESP, Bluetooth, Klima, Otomatik Vites",1158134;1191459;1218937;1258875;1294679;1337681
245,Skoda,Kamiq,SUV,Petrol,Automatic,5,1785000,2025,756,7.4,400,115,https://az749841.vo.msecnd.net/sitestr/al/5f/c7/e9/8b/50/41/43/8b/5f/0d/1c/6b/6a/5f/9c/Skoda-Kamiq-SUV-2020.jpg,"ABS, ESP, Bluetooth, Klima, Sunroof, Deri Koltuk, Şerit Takip, Geri Görüş Kamerası, Otomatik Vites",1500669;1554165;1631393;1689322;1736086;1785000
246,Audi,A4 Sedan,Sedan,Diesel,Automatic,5,2907070,2023,30290,6.4,460,204,https://mediaservice.audi.com/media/live/50900/fly1400x601n1/8wc/2021.png,"ABS, ESP, Bluetooth, Klima, Sunroof, Deri Koltuk, Şerit Takip, Geri Görüş Kamerası, Otonom Sürüş, 360 Kamera, Isıtmalı Koltuklar, Hayalet Ekran, Otomatik Vites",2382034;2498319;2556633;2659839;2774196;2907070
247,Skoda,Superb,Sedan,Petrol,Automatic,5,1982280,2020,60524,8.0,625,150,https://az749841.vo.msecnd.net/sitestr/al/5f/c7/e9/8b/50/41/43/8b/5f/0d/1c/6b/6a/5f/9c/Skoda-Superb-Sedan-2020.jpg,"ABS, ESP, Bluetooth, Klima, Sunroof, Deri Koltuk, Şerit Takip, Geri Görüş Kamerası, Otomatik Vites",1612888;1686791;1769195;1856527;1924141;1982280
248,Hyundai,Tucson,SUV,Diesel,Automatic,5,1384727,2019,100376,7.0,620,136,https://www.hyundai.com/content/dam/hyundai/tr/tr/models/tucson/2021/gallery/tucson-gallery-1.jpg,"ABS, ESP, Bluetooth, Klima, Sunroof, Deri Koltuk, Şerit Takip, Geri Görüş Kamerası, Otomatik Vites",1158673;1192630;1232000;1284187;1337601;1384727
249,Chery,Tiggo 7 Pro,SUV,Petrol,Automatic,5,1430855,2023,33428,10.1,475,183,https://chery.com.tr/assets/img/models/tiggo7pro/tiggo7pro-hero.jpg,"ABS, ESP, Bluetooth, Klima, Otomatik Vites",1201041;1236461;1281831;1313971;1366234;1430855
250,MG,MG4,Hatchback,Electric,Automatic,5,1373617,2023,25780,17.5,363,170,https://www.mg-turkey.com/assets/img/models/mg4/mg4-hero.jpg,"ABS, ESP, Bluetooth, Klima, Otomatik Vites",1154709;1182597;1212517;1267591;1313691;1373617
251,Renault,Clio,Hatchback,Petrol,Automatic,5,1076126,2024,17321,6.9,391,90,https://cdn.motor1.com/images/mgl/2N2J3/s1/2020-renault-clio-e-tech.jpg,"ABS, ESP, Bluetooth, Klima, Otomatik Vites",906493;935117;978129;1002960;1052985;1076126
252,Fiat,Egea Sedan (Manuel),Sedan,Petrol,Manual,5,838811,2023,33019,7.9,520,95,https://cdn.motor1.com/images/mgl/mrz1e/s1/fiat-egea-sedan-facelift.jpg,"ABS, ESP, Bluetooth, Klima, Manuel Vites",716745;737155;755768;781834;820894;838811
253,Fiat,Egea Cross,SUV,Hybrid,Automatic,5,1275672,2024,10742,6.5,440,130,https://img.paratic.com/dosya/2021/01/yeni-fiat-egea-cross-ozellikleri-fiyati.jpg,"ABS, ESP, Bluetooth, Klima, Otomatik Vites, Hibrit Motor",1039871;1084866;1134807;1182331;1228625;1275672
254,Fiat,Egea Sedan (Manuel),Sedan,Petrol,Manual,5,547662,2018,73076,7.9,520,95,https://cdn.motor1.com/images/mgl/mrz1e/s1/fiat-egea-sedan-facelift.jpg,"ABS, ESP, Bluetooth, Klima, Manuel Vites",467286;478008;501653;513556;532490;547662
255,Toyota,C-HR,SUV,Hybrid,Automatic,5,1279758,2018,75418,5.5,377,140,https://www.toyota.com.tr/content/dam/toyota/turkey/models/c-hr/heros/c-hr-hero-1920x1080.jpg,"ABS, ESP, Bluetooth, Klima, Otomatik Vites, Hibrit Motor",1089298;1120685;1150793;1188213;1223275;1279758
256,Citroen,C4,Hatchback,Petrol,Automatic,5,1075374,2021,41328,7.1,380,130,https://www.citroen.com.tr/content/dam/citroen/turkey/models/c4/heros/c4-hero-1920x1080.jpg,"ABS, ESP, Bluetooth, Klima, Otomatik Vites",923063;941781;976529;1011303;1044689;1075374
257,Skoda,Superb,Sedan,Petrol,Automatic,5,1667423,2019,104505,8.0,625,150,https://az749841.vo.msecnd.net/sitestr/al/5f/c7/e9/8b/50/41/43/8b/5f/0d/1c/6b/6a/5f/9c/Skoda-Superb-Sedan-2020.jpg,"ABS, ESP, Bluetooth, Klima, Sunroof, Deri Koltuk, Şerit Takip, Geri Görüş Kamerası, Otomatik Vites",1376100;1437740;1489415;1530978;1591965;1667423
258,Peugeot,3008,SUV,Diesel,Automatic,5,1819086,2023,29876,6.4,520,130,https://www.peugeot.com.tr/content/dam/peugeot/turkey/models/3008/heros/3008-hero-1920x1080.jpg,"ABS, ESP, Bluetooth, Klima, Sunroof, Deri Koltuk, Şerit Takip, Geri Görüş Kamerası, Otomatik Vites",1547924;1600863;1642455;1710562;1770666;1819086
259,Fiat,Egea Sedan,Sedan,Diesel,Automatic,5,641815,2018,84412,6.0,520,130,https://cdn.motor1.com/images/mgl/mrz1e/s1/fiat-egea-sedan-facelift.jpg,"ABS, ESP, Bluetooth, Klima, Otomatik Vites",561242;572508;596764;611015;626291;641815
260,Nissan,Qashqai,SUV,Hybrid,Automatic,5,1201227,2018,69850,6.7,504,158,https://www-europe.nissan-cdn.net/content/dam/Nissan/tr/vehicles/qashqai/product_code/product_page/Performance/Nissan_Qashqai_2021_Performance_Desktop.jpg,"ABS, ESP, Bluetooth, Klima, Otomatik Vites, Hibrit Motor",1014936;1059487;1089542;1129325;1163389;1201227
261,MG,MG4,Hatchback,Electric,Automatic,5,936521,2018,113392,17.5,363,170,https://www.mg-turkey.com/assets/img/models/mg4/mg4-hero.jpg,"ABS, ESP, Bluetooth, Klima, Otomatik Vites",804420;837420;868781;887099;908936;936521
262,Fiat,Egea Sedan (Manuel),Sedan,Petrol,Manual,5,897745,2024,13800,7.9,520,95,https://cdn.motor1.com/images/mgl/mrz1e/s1/fiat-egea-sedan-facelift.jpg,"ABS, ESP, Bluetooth, Klima, Manuel Vites",748033;770115;805081;837448;876501;897745
263,Toyota,C-HR,SUV,Hybrid,Automatic,5,1446000,2019,79355,5.5,377,140,https://www.toyota.com.tr/content/dam/toyota/turkey/models/c-hr/heros/c-hr-hero-1920x1080.jpg,"ABS, ESP, Bluetooth, Klima, Sunroof, Deri Koltuk, Şerit Takip, Geri Görüş Kamerası, Otomatik Vites, Hibrit Motor",1187326;1237118;1271046;1317895;1383564;1446000
264,Opel,Corsa,Hatchback,Petrol,Automatic,5,1017319,2023,38117,6.8,309,100,https://www.opel.com.tr/content/dam/opel/turkey/models/corsa/heros/corsa-hero-1920x1080.jpg,"ABS, ESP, Bluetooth, Klima, Otomatik Vites",864554;899181;939828;969403;989993;1017319
265,Citroen,C4,Hatchback,Petrol,Automatic,5,1397871,2024,15808,7.1,380,130,https://www.citroen.com.tr/content/dam/citroen/turkey/models/c4/heros/c4-hero-1920x1080.jpg,"ABS, ESP, Bluetooth, Klima, Otomatik Vites",1173029;1219601;1275842;1304433;1342196;1397871
266,MG,ZS,SUV,Petrol,Automatic,5,1258053,2024,17079,8.3,448,111,https://www.mg-turkey.com/assets/img/models/zs/zs-hero.jpg,"ABS, ESP, Bluetooth, Klima, Otomatik Vites",1031032;1078310;1122436;1148560;1198976;1258053
267,Fiat,Egea Cross,SUV,Hybrid,Automatic,5,938749,2018,134558,6.5,440,130,https://img.paratic.com/dosya/2021/01/yeni-fiat-egea-cross-ozellikleri-fiyati.jpg,"ABS, ESP, Bluetooth, Klima, Otomatik Vites, Hibrit Motor",787484;811022;837363;876823;912825;938749
268,Fiat,Egea Sedan,Sedan,Diesel,Automatic,5,1027594,2024,13634,6.0,520,130,https://cdn.motor1.com/images/mgl/mrz1e/s1/fiat-egea-sedan-facelift.jpg,"ABS, ESP, Bluetooth, Klima, Otomatik Vites",863341;881416;903559;943287;982036;1027594
269,Mercedes,C200,Sedan,Diesel,Automatic,5,3364323,2024,19743,6.3,455,163,https://www.mercedes-benz.com.tr/passengercars/models/saloon/c-class/overview/_jcr_content/contentgallerycontainer/par/contentgallery/par/contentgallerytile/image.MQ6.8.20210629140458.jpeg,"ABS, ESP, Bluetooth, Klima, Sunroof, Deri Koltuk, Şerit Takip, Geri Görüş Kamerası, Otonom Sürüş, 360 Kamera, Isıtmalı Koltuklar, Hayalet Ekran, Otomatik Vites",2817353;2908068;3037787;3135169;3269108;3364323
270,MG,MG4,Hatchback,Electric,Automatic,5,1109570,2020,75923,17.5,363,170,https://www.mg-turkey.com/assets/img/models/mg4/mg4-hero.jpg,"ABS, ESP, Bluetooth, Klima, Otomatik Vites",945071;964605;1002289;1029170;1057309;1109570
271,Hyundai,Tucson,SUV,Diesel,Automatic,5,1562017,2020,87355,7.0,620,136,https://www.hyundai.com/content/dam/hyundai/tr/tr/models/tucson/2021/gallery/tucson-gallery-1.jpg,"ABS, ESP, Bluetooth, Klima, Sunroof, Deri Koltuk, Şerit Takip, Geri Görüş Kamerası, Otomatik Vites",1350540;1398456;1436439;1494596;1528973;1562017
272,Seat,Leon,Hatchback,Petrol,Automatic,5,969547,2018,102980,7.3,380,110,https://www.seat.com.tr/content/dam/seat/turkey/models/leon/heros/leon-hero-1920x1080.jpg,"ABS, ESP, Bluetooth, Klima, Otomatik Vites",808819;840906;866732;889609;927752;969547
273,Fiat,Egea Cross,SUV,Hybrid,Automatic,5,980550,2019,119459,6.5,440,130,https://img.paratic.com/dosya/2021/01/yeni-fiat-egea-cross-ozellikleri-fiyati.jpg,"ABS, ESP, Bluetooth, Klima, Otomatik Vites, Hibrit Motor",794576;831001;869062;895260;939281;980550
274,Renault,Clio,Hatchback,Petrol,Automatic,5,1018395,2023,35574,6.9,391,90,https://cdn.motor1.com/images/mgl/2N2J3/s1/2020-renault-clio-e-tech.jpg,"ABS, ESP, Bluetooth, Klima, Otomatik Vites",859364;894685;934252;961734;996695;1018395
275,Toyota,C-HR,SUV,Hybrid,Automatic,5,1579839,2022,32550,5.5,377,140,https://www.toyota.com.tr/content/dam/toyota/turkey/models/c-hr/heros/c-hr-hero-1920x1080.jpg,"ABS, ESP, Bluetooth, Klima, Sunroof, Deri Koltuk, Şerit Takip, Geri Görüş Kamerası, Otomatik Vites, Hibrit Motor",1299433;1330912;1370447;1438731;1506377;1579839
276,Togg,T10X V2,SUV,Electric,Automatic,5,1319382,2021,46917,18.4,441,218,https://im.haberturk.com/2023/03/14/ver1678809605/3573523_810x458.jpg,"ABS, ESP, Bluetooth, Klima, Otomatik Vites",1128483;1158340;1203438;1243002;1287030;1319382
277,Nissan,Qashqai,SUV,Hybrid,Automatic,5,1946256,2024,14502,6.7,504,158,https://www-europe.nissan-cdn.net/content/dam/Nissan/tr/vehicles/qashqai/product_code/product_page/Performance/Nissan_Qashqai_2021_Performance_Desktop.jpg,"ABS, ESP, Bluetooth, Klima, Sunroof, Deri Koltuk, Şerit Takip, Geri Görüş Kamerası, Otomatik Vites, Hibrit Motor",1641240;1689896;1738932;1805802;1891618;1946256
278,Renault,Megane,Sedan,Diesel,Automatic,5,1482986,2024,22235,6.1,550,115,https://www.auto-data.net/images/f99/Renault-Megane-IV-Sedan-facelift-2020.jpg,"ABS, ESP, Bluetooth, Klima, Otomatik Vites",1245243;1297169;1338149;1370350;1437554;1482986
279,Peugeot,3008,SUV,Diesel,Automatic,5,1960635,2024,9536,6.4,520,130,https://www.peugeot.com.tr/content/dam/peugeot/turkey/models/3008/heros/3008-hero-1920x1080.jpg,"ABS, ESP, Bluetooth, Klima, Sunroof, Deri Koltuk, Şerit Takip, Geri Görüş Kamerası, Otomatik Vites",1644297;1702162;1740792;1809990;1899184;1960635
280,Audi,Q3,SUV,Petrol,Automatic,5,2025721,2019,86533,8.7,530,150,https://mediaservice.audi.com/media/live/50900/fly1400x601n1/f3b/2021.png,"ABS, ESP, Bluetooth, Klima, Sunroof, Deri Koltuk, Şerit Takip, Geri Görüş Kamerası, Otonom Sürüş, 360 Kamera, Isıtmalı Koltuklar, Hayalet Ekran, Otomatik Vites",1668485;1751685;1820896;1879936;1947752;2025721
281,Renault,Austral,SUV,Hybrid,Automatic,5,2205000,2025,2687,6.3,500,200,https://cdn.motor1.com/images/mgl/Akkkko/s1/renault-austral-2022.jpg,"ABS, ESP, Bluetooth, Klima, Sunroof, Deri Koltuk, Şerit Takip, Geri Görüş Kamerası, Otomatik Vites, Hibrit Motor",1856255;1934435;1990723;2050569;2145093;2205000
282,Audi,Q3,SUV,Petrol,Automatic,5,2680889,2024,19106,8.7,530,150,https://mediaservice.audi.com/media/live/50900/fly1400x601n1/f3b/2021.png,"ABS, ESP, Bluetooth, Klima, Sunroof, Deri Koltuk, Şerit Takip, Geri Görüş Kamerası, Otonom Sürüş, 360 Kamera, Isıtmalı Koltuklar, Hayalet Ekran, Otomatik Vites",2210596;2303761;2411382;2463340;2564887;2680889
283,Seat,Leon,Hatchback,Petrol,Automatic,5,1005977,2019,75048,7.3,380,110,https://www.seat.com.tr/content/dam/seat/turkey/models/leon/heros/leon-hero-1920x1080.jpg,"ABS, ESP, Bluetooth, Klima, Otomatik Vites",856023;874723;914347;940730;966248;1005977
284,Audi,A3 Sportback,Hatchback,Petrol,Automatic,5,1950052,2024,6746,7.3,380,150,https://mediaservice.audi.com/media/live/50900/fly1400x601n1/8yar/2021.png,"ABS, ESP, Bluetooth, Klima, Sunroof, Deri Koltuk, Şerit Takip, Geri Görüş Kamerası, Otomatik Vites",1655319;1705039;1766823;1811973;1900255;1950052
285,Cupra,Formentor,SUV,Petrol,Automatic,5,2153724,2024,5824,9.0,450,190,https://www.cupraofficial.com.tr/content/dam/cupra/turkey/models/formentor/heros/formentor-hero-1920x1080.jpg,"ABS, ESP, Bluetooth, Klima, Sunroof, Deri Koltuk, Şerit Takip, Geri Görüş Kamerası, Otomatik Vites",1810290;1888669;1944389;2040556;2110394;2153724
286,Renault,Megane,Sedan,Diesel,Automatic,5,1068947,2020,59869,6.1,550,115,https://www.auto-data.net/images/f99/Renault-Megane-IV-Sedan-facelift-2020.jpg,"ABS, ESP, Bluetooth, Klima, Otomatik Vites",881380;921904;949028;984300;1030339;1068947
287,Renault,Megane,Sedan,Diesel,Automatic,5,1004164,2019,116405,6.1,550,115,https://www.auto-data.net/images/f99/Renault-Megane-IV-Sedan-facelift-2020.jpg,"ABS, ESP, Bluetooth, Klima, Otomatik Vites",837375;872260;907971;944320;974462;1004164
288,Dacia,Duster,SUV,Diesel,Manual,5,1312500,2025,4760,6.4,475,115,https://cdn.motor1.com/images/mgl/6ZZ6L/s1/dacia-duster-2022.jpg,"ABS, ESP, Bluetooth, Klima, Manuel Vites",1121817;1166609;1195771;1234713;1274801;1312500
289,Dacia,Duster,SUV,Diesel,Manual,5,1040302,2022,54370,6.4,475,115,https://cdn.motor1.com/images/mgl/6ZZ6L/s1/dacia-duster-2022.jpg,"ABS, ESP, Bluetooth, Klima, Manuel Vites",858424;899739;918813;959899;1005469;1040302
290,Hyundai,i20 (Manuel),Hatchback,Petrol,Manual,5,860155,2023,38172,7.4,352,84,https://www.hyundai.com/content/dam/hyundai/tr/tr/models/i20/2021/gallery/i20-gallery-1.jpg,"ABS, ESP, Bluetooth, Klima, Manuel Vites",721572;740036;772683;797906;837038;860155
291,Ford,Focus,Hatchback,Petrol,Automatic,5,1447572,2024,19779,7.7,375,125,https://www.ford.com.tr/content/dam/guxeu/tr/vehicle-images/focus/2022/Showroom/ford-focus-showroom-gallery-1.jpg,"ABS, ESP, Bluetooth, Klima, Otomatik Vites",1234667;1284022;1338728;1371450;1399368;1447572
292,Nissan,Qashqai,SUV,Hybrid,Automatic,5,1429320,2019,70117,6.7,504,158,https://www-europe.nissan-cdn.net/content/dam/Nissan/tr/vehicles/qashqai/product_code/product_page/Performance/Nissan_Qashqai_2021_Performance_Desktop.jpg,"ABS, ESP, Bluetooth, Klima, Sunroof, Deri Koltuk, Şerit Takip, Geri Görüş Kamerası, Otomatik Vites, Hibrit Motor",1248248;1289166;1328822;1357274;1393418;1429320
293,Chery,Tiggo 8 Pro,SUV,Petrol,Automatic,7,2047500,2025,2427,9.6,479,183,https://chery.com.tr/assets/img/models/tiggo8pro/tiggo8pro-hero.jpg,"ABS, ESP, Bluetooth, Klima, Sunroof, Deri Koltuk, Şerit Takip, Geri Görüş Kamerası, Otomatik Vites",1703174;1751364;1797564;1869292;1955959;2047500
294,Ford,Puma,SUV,Hybrid,Automatic,5,1409820,2023,26480,6.9,456,125,https://www.ford.com.tr/content/dam/guxeu/tr/vehicle-images/puma/2020/Showroom/ford-puma-showroom-gallery-1.jpg,"ABS, ESP, Bluetooth, Klima, Otomatik Vites, Hibrit Motor",1226059;1266540;1309840;1341930;1378775;1409820
295,MG,ZS,SUV,Petrol,Automatic,5,976428,2021,53541,8.3,448,111,https://www.mg-turkey.com/assets/img/models/zs/zs-hero.jpg,"ABS, ESP, Bluetooth, Klima, Otomatik Vites",859029;884311;912174;937386;956408;976428
296,Audi,Q3,SUV,Petrol,Automatic,5,2675064,2024,21046,8.7,530,150,https://mediaservice.audi.com/media/live/50900/fly1400x601n1/f3b/2021.png,"ABS, ESP, Bluetooth, Klima, Sunroof, Deri Koltuk, Şerit Takip, Geri Görüş Kamerası, Otonom Sürüş, 360 Kamera, Isıtmalı Koltuklar, Hayalet Ekran, Otomatik Vites",2350296;2404932;2468506;2530875;2600638;2675064
297,Hyundai,i20 (Manuel),Hatchback,Petrol,Manual,5,902564,2024,13418,7.4,352,84,https://www.hyundai.com/content/dam/hyundai/tr/tr/models/i20/2021/gallery/i20-gallery-1.jpg,"ABS, ESP, Bluetooth, Klima, Manuel Vites",765255;797011;819986;844988;878764;902564
298,Volvo,XC40,SUV,Hybrid,Automatic,5,1823156,2018,119441,8.0,452,163,https://www.volvocars.com/images/v/16x9/c7/6f/c76f2b7a-8b8a-4b7a-9c7a-9c7a9c7a9c7a/xc40-hero-1920x1080.jpg,"ABS, ESP, Bluetooth, Klima, Sunroof, Deri Koltuk, Şerit Takip, Geri Görüş Kamerası, Otomatik Vites, Hibrit Motor",1509735;1565093;1615771;1671192;1750101;1823156
299,Honda,Civic,Sedan,Petrol,Automatic,5,1995000,2025,3782,8.0,519,182,https://www.honda.com.tr/assets/img/models/civic-sedan/civic-sedan-hero.jpg,"ABS, ESP, Bluetooth, Klima, Sunroof, Deri Koltuk, Şerit Takip, Geri Görüş Kamerası, Otomatik Vites",1650562;1708755;1749144;1835945;1915763;1995000
300,Volvo,XC40,SUV,Hybrid,Automatic,5,2939274,2024,16365,8.0,452,163,https://www.volvocars.com/images/v/16x9/c7/6f/c76f2b7a-8b8a-4b7a-9c7a-9c7a9c7a9c7a/xc40-hero-1920x1080.jpg,"ABS, ESP, Bluetooth, Klima, Sunroof, Deri Koltuk, Şerit Takip, Geri Görüş Kamerası, Otonom Sürüş, 360 Kamera, Isıtmalı Koltuklar, Hayalet Ekran, Otomatik Vites, Hibrit Motor",2462069;2560907;2653198;2758574;2869155;2939274
